token,symbol,stream,entry_time,exit_time,pnl_pct,realized_usd,ath_pct,hold_min,exit_reason,chain,dex
DMh4Mo2Tzj14a1tUUkCZS8YNFrgHJi5w,SOLEVER,SNIPER_LATE,1783866551369,1783866930726,-100,-300,0.0,6,rug_no_data,solana,meteora
DMh4Mo2Tzj14a1tUUkCZS8YNFrgHJi5w,SOLEVER,SNIPER_H2,1783866550684,1783866931380,-100,-200,0.0,6,rug_no_data,solana,meteora
DMh4Mo2Tzj14a1tUUkCZS8YNFrgHJi5w,SOLEVER,SNIPER_H,1783866550007,1783866932042,-100,-200,0.0,6,rug_no_data,solana,meteora
DMh4Mo2Tzj14a1tUUkCZS8YNFrgHJi5w,SOLEVER,SNIPER_B,1783866549354,1783866932809,-100,-200,0.0,6,rug_no_data,solana,meteora
DMh4Mo2Tzj14a1tUUkCZS8YNFrgHJi5w,SOLEVER,SNIPER_A,1783866548602,1783866933462,-100,-200,0.0,6,rug_no_data,solana,meteora
HZ92pbVauEcQpfjkjx5SWPrPK66wHshS,TESLA,SNIPER_H2,1783866916090,1783867215458,-100,-100,0.0,5,rug_no_data,solana,pumpswap
HZ92pbVauEcQpfjkjx5SWPrPK66wHshS,TESLA,SNIPER_H,1783866915414,1783867216422,-100,-100,0.0,5,rug_no_data,solana,pumpswap
HZ92pbVauEcQpfjkjx5SWPrPK66wHshS,TESLA,SNIPER_G,1783866914725,1783867217070,-100,-100,0.0,5,rug_no_data,solana,pumpswap
HZ92pbVauEcQpfjkjx5SWPrPK66wHshS,TESLA,SNIPER_D2,1783866914075,1783867217729,-100,-100,0.0,5,rug_no_data,solana,pumpswap
HZ92pbVauEcQpfjkjx5SWPrPK66wHshS,TESLA,SNIPER_D,1783866913402,1783867218401,-100,-100,0.0,5,rug_no_data,solana,pumpswap
HZ92pbVauEcQpfjkjx5SWPrPK66wHshS,TESLA,SNIPER_B,1783866912785,1783867219062,-100,-100,0.0,5,rug_no_data,solana,pumpswap
HZ92pbVauEcQpfjkjx5SWPrPK66wHshS,TESLA,SNIPER_A,1783866912075,1783867219873,-100,-100,0.0,5,rug_no_data,solana,pumpswap
0xdf5d9a90c418375cc503defa5a6640,SMTRX,SNIPER_B,1783867711584,1783867977872,7.4,14.88,0.7,4,early_exit_ratio_99,bsc,pancakeswap
Fb9GQhMs3z2HektPJeufCN6wG2orLdGA,FRG,SNIPER_LATE,1783868116999,1783868171268,-18.1,-54.27,0.0,1,sl,solana,meteora
Fb9GQhMs3z2HektPJeufCN6wG2orLdGA,FRG,SNIPER_H2,1783868116343,1783868172219,-17.4,-34.74,0.0,1,sl,solana,meteora
Fb9GQhMs3z2HektPJeufCN6wG2orLdGA,FRG,SNIPER_H,1783868115666,1783868172879,-17.4,-34.74,0.0,1,sl,solana,meteora
Fb9GQhMs3z2HektPJeufCN6wG2orLdGA,FRG,SNIPER_B,1783868114999,1783868173528,-17.4,-34.74,0.0,1,sl,solana,meteora
Fb9GQhMs3z2HektPJeufCN6wG2orLdGA,FRG,SNIPER_A,1783868114271,1783868174209,-17.4,-34.74,0.0,1,sl,solana,meteora
0xdf5d9a90c418375cc503defa5a6640,SMTRX,SNIPER_A,1783867710875,1783868174891,-100,-200,17.5,8,rug_no_data,bsc,pancakeswap
4KG3uyYMFCLnGffs5bekTBqtmKh27WxF,HOME,SNIPER_H2,1783866606427,1783868175766,9.7,9.72,22.2,26,medium_trail,solana,pumpswap
4KG3uyYMFCLnGffs5bekTBqtmKh27WxF,HOME,SNIPER_H,1783866605672,1783868176482,9.7,9.72,22.2,26,medium_trail,solana,pumpswap
4KG3uyYMFCLnGffs5bekTBqtmKh27WxF,HOME,SNIPER_B,1783866604848,1783868177194,9.7,9.72,22.2,26,medium_trail,solana,pumpswap
4KG3uyYMFCLnGffs5bekTBqtmKh27WxF,HOME,SNIPER_A,1783866603926,1783868177921,9.7,9.72,22.2,26,medium_trail,solana,pumpswap
Fb9GQhMs3z2HektPJeufCN6wG2orLdGA,FRG,SNIPER_SMART_TOP_AGE5,1783868119746,1783868380695,-100,-1,0.0,4,rug_no_data,solana,meteora
Fb9GQhMs3z2HektPJeufCN6wG2orLdGA,FRG,SNIPER_SMART_COPY_AGE5,1783868119111,1783868381609,-100,-1,0.0,4,rug_no_data,solana,meteora
Fb9GQhMs3z2HektPJeufCN6wG2orLdGA,FRG,SNIPER_SMART_COPY_TOP,1783868118367,1783868382251,-100,-1,0.0,4,rug_no_data,solana,meteora
Fb9GQhMs3z2HektPJeufCN6wG2orLdGA,FRG,SNIPER_SMART_COPY,1783868117699,1783868382890,-100,-1,0.0,4,rug_no_data,solana,meteora
E2u21sVi9kLvXcbDpQy1AEsV7cNLQm65,RTP,SNIPER_SMART_TOP_AGE5,1783868305622,1783868647206,-100,-1,0.0,6,rug_no_data,solana,meteora
E2u21sVi9kLvXcbDpQy1AEsV7cNLQm65,RTP,SNIPER_SMART_COPY_AGE5,1783868304874,1783868648130,-100,-1,0.0,6,rug_no_data,solana,meteora
E2u21sVi9kLvXcbDpQy1AEsV7cNLQm65,RTP,SNIPER_SMART_COPY_TOP,1783868304202,1783868648834,-100,-1,0.0,6,rug_no_data,solana,meteora
E2u21sVi9kLvXcbDpQy1AEsV7cNLQm65,RTP,SNIPER_SMART_COPY,1783868303538,1783868649516,-100,-1,0.0,6,rug_no_data,solana,meteora
E2u21sVi9kLvXcbDpQy1AEsV7cNLQm65,RTP,SNIPER_LOWCAP,1783868302849,1783868650202,-100,-200,0.0,6,rug_no_data,solana,meteora
E2u21sVi9kLvXcbDpQy1AEsV7cNLQm65,RTP,SNIPER_H2,1783868302156,1783868650931,-100,-100,0.0,6,rug_no_data,solana,meteora
E2u21sVi9kLvXcbDpQy1AEsV7cNLQm65,RTP,SNIPER_H,1783868301434,1783868651734,-100,-100,0.0,6,rug_no_data,solana,meteora
E2u21sVi9kLvXcbDpQy1AEsV7cNLQm65,RTP,SNIPER_B,1783868300732,1783868652527,-100,-100,0.0,6,rug_no_data,solana,meteora
E2u21sVi9kLvXcbDpQy1AEsV7cNLQm65,RTP,SNIPER_A,1783868300007,1783868653231,-100,-100,0.0,6,rug_no_data,solana,meteora
7oWvrVrpvZFPsdRMebz21UNAZv9gfiAJ,ASTEROID,SNIPER_SMART_TOP_AGE5,1783865722961,1783868653920,162.8,1.63,236.4,49,paper_SNIPER_SMART_TOP_AGE5_trail,solana,pumpswap
7oWvrVrpvZFPsdRMebz21UNAZv9gfiAJ,ASTEROID,SNIPER_SMART_COPY_AGE5,1783865722271,1783868654731,162.8,1.63,236.4,49,paper_SNIPER_SMART_COPY_AGE5_trail,solana,pumpswap
7oWvrVrpvZFPsdRMebz21UNAZv9gfiAJ,ASTEROID,SNIPER_SMART_COPY_TOP,1783865721590,1783868655445,162.8,1.63,236.4,49,paper_SNIPER_SMART_COPY_TOP_trail,solana,pumpswap
7oWvrVrpvZFPsdRMebz21UNAZv9gfiAJ,ASTEROID,SNIPER_SMART_COPY,1783865720892,1783868656229,162.8,1.63,236.4,49,paper_SNIPER_SMART_COPY_trail,solana,pumpswap
7oWvrVrpvZFPsdRMebz21UNAZv9gfiAJ,ASTEROID,SNIPER_H2,1783865720211,1783868656928,156.2,156.2,231.2,49,tight_trail,solana,pumpswap
7oWvrVrpvZFPsdRMebz21UNAZv9gfiAJ,ASTEROID,SNIPER_H,1783865719504,1783868657623,156.2,156.2,231.2,49,tight_trail,solana,pumpswap
7oWvrVrpvZFPsdRMebz21UNAZv9gfiAJ,ASTEROID,SNIPER_B,1783865718857,1783868658363,156.2,156.2,231.2,49,tight_trail,solana,pumpswap
7oWvrVrpvZFPsdRMebz21UNAZv9gfiAJ,ASTEROID,SNIPER_A,1783865718170,1783868659059,156.2,156.2,231.2,49,tight_trail,solana,pumpswap
0x5d3a896205399736e0afc83329ba70,REMINDER,SNIPER_H2,1783869375410,1783869692600,-100,-50,0.0,5,rug_no_data,bsc,pancakeswap
0x5d3a896205399736e0afc83329ba70,REMINDER,SNIPER_H,1783869374710,1783869693578,-100,-50,0.0,5,rug_no_data,bsc,pancakeswap
0x5d3a896205399736e0afc83329ba70,REMINDER,SNIPER_D2,1783869374042,1783869694264,-100,-50,0.0,5,rug_no_data,bsc,pancakeswap
0x5d3a896205399736e0afc83329ba70,REMINDER,SNIPER_D,1783869373376,1783869694949,-100,-50,0.0,5,rug_no_data,bsc,pancakeswap
0x5d3a896205399736e0afc83329ba70,REMINDER,SNIPER_B,1783869372667,1783869695641,-100,-50,0.0,5,rug_no_data,bsc,pancakeswap
0x5d3a896205399736e0afc83329ba70,REMINDER,SNIPER_A,1783869371895,1783869696368,-100,-50,0.0,5,rug_no_data,bsc,pancakeswap
EGg6A8F1gJfNYYcSMaWwzsFTucxX4FWE,50,SNIPER_H2,1783869899684,1783869926950,-100,-50,0.0,0,rug_no_data,solana,pumpswap
EGg6A8F1gJfNYYcSMaWwzsFTucxX4FWE,50,SNIPER_H,1783869898993,1783869927886,-100,-50,0.0,0,rug_no_data,solana,pumpswap
EGg6A8F1gJfNYYcSMaWwzsFTucxX4FWE,50,SNIPER_B,1783869898278,1783869928574,-100,-50,0.0,1,rug_no_data,solana,pumpswap
EGg6A8F1gJfNYYcSMaWwzsFTucxX4FWE,50,SNIPER_A,1783869897503,1783869929253,-100,-50,0.0,1,rug_no_data,solana,pumpswap
F5uy2xPzhfsjRZHJeVCi3xZvo2uDBJLc,Nemo,SNIPER_SMART_TOP_AGE5,1783869625739,1783870440219,-100,-1,20.1,14,rug_no_data,solana,meteora
F5uy2xPzhfsjRZHJeVCi3xZvo2uDBJLc,Nemo,SNIPER_SMART_COPY_AGE5,1783869625007,1783870441258,-100,-1,20.1,14,rug_no_data,solana,meteora
F5uy2xPzhfsjRZHJeVCi3xZvo2uDBJLc,Nemo,SNIPER_SMART_COPY_TOP,1783869624355,1783870441959,-100,-1,20.1,14,rug_no_data,solana,meteora
F5uy2xPzhfsjRZHJeVCi3xZvo2uDBJLc,Nemo,SNIPER_SMART_COPY,1783869623717,1783870442693,-100,-1,20.1,14,rug_no_data,solana,meteora
F5uy2xPzhfsjRZHJeVCi3xZvo2uDBJLc,Nemo,SNIPER_LOWCAP,1783869623072,1783870443373,-100,-100,19.4,14,rug_no_data,solana,meteora
F5uy2xPzhfsjRZHJeVCi3xZvo2uDBJLc,Nemo,SNIPER_H2,1783869622416,1783870444061,-100,-50,19.8,14,rug_no_data,solana,meteora
F5uy2xPzhfsjRZHJeVCi3xZvo2uDBJLc,Nemo,SNIPER_B,1783869621760,1783870444719,-100,-50,19.8,14,rug_no_data,solana,meteora
F5uy2xPzhfsjRZHJeVCi3xZvo2uDBJLc,Nemo,SNIPER_A,1783869621019,1783870445424,-100,-50,19.8,14,rug_no_data,solana,meteora
E984HnRCAY5ChSAcdTonenR7BpGT1qUD,$50,SNIPER_ML_SCORER,1783869331377,1783870446146,-100,-1,196.7,19,rug_no_data,solana,pumpswap
E984HnRCAY5ChSAcdTonenR7BpGT1qUD,$50,SNIPER_ML_RULE_A,1783869330655,1783870447069,-100,-1,196.7,19,rug_no_data,solana,pumpswap
E984HnRCAY5ChSAcdTonenR7BpGT1qUD,$50,SNIPER_ULTRA_TRIPLE,1783869329856,1783870447748,-100,-1,196.7,19,rug_no_data,solana,pumpswap
E984HnRCAY5ChSAcdTonenR7BpGT1qUD,$50,SNIPER_VOL_VEL,1783869329161,1783870448437,-100,-1,196.7,19,rug_no_data,solana,pumpswap
E984HnRCAY5ChSAcdTonenR7BpGT1qUD,$50,SNIPER_MC_LIQ,1783869328428,1783870449137,-100,-1,196.7,19,rug_no_data,solana,pumpswap
E984HnRCAY5ChSAcdTonenR7BpGT1qUD,$50,SNIPER_LOWCAP,1783869327723,1783870449844,-100,-100,194.1,19,rug_no_data,solana,pumpswap
E984HnRCAY5ChSAcdTonenR7BpGT1qUD,$50,SNIPER_H,1783869327011,1783870450643,-100,-100,194.1,19,rug_no_data,solana,pumpswap
E984HnRCAY5ChSAcdTonenR7BpGT1qUD,$50,SNIPER_B,1783869326277,1783870451345,-100,-100,194.1,19,rug_no_data,solana,pumpswap
E984HnRCAY5ChSAcdTonenR7BpGT1qUD,$50,SNIPER_A,1783869325437,1783870452048,-100,-100,194.1,19,rug_no_data,solana,pumpswap
9c2xmivnzjKNwoFhTAgrPCRY1h8BDUq5,XGOATS,SNIPER_SMART_TOP_AGE5,1783867677209,1783870452757,-2.6,-0.03,0.0,46,stall_45min_low_ath,solana,pumpswap
9c2xmivnzjKNwoFhTAgrPCRY1h8BDUq5,XGOATS,SNIPER_SMART_COPY_AGE5,1783867676553,1783870453571,-2.6,-0.03,0.0,46,stall_45min_low_ath,solana,pumpswap
9c2xmivnzjKNwoFhTAgrPCRY1h8BDUq5,XGOATS,SNIPER_SMART_CLUSTER,1783867675888,1783870454293,-2.6,-0.03,0.0,46,stall_45min_low_ath,solana,pumpswap
9c2xmivnzjKNwoFhTAgrPCRY1h8BDUq5,XGOATS,SNIPER_SMART_COPY_TOP,1783867675240,1783870455070,-2.6,-0.03,0.0,46,stall_45min_low_ath,solana,pumpswap
9c2xmivnzjKNwoFhTAgrPCRY1h8BDUq5,XGOATS,SNIPER_SMART_COPY,1783867674582,1783870455773,-2.6,-0.03,0.0,46,stall_45min_low_ath,solana,pumpswap
9c2xmivnzjKNwoFhTAgrPCRY1h8BDUq5,XGOATS,SNIPER_H2,1783867673926,1783870456468,-3.9,-3.93,0.0,46,stall_45min_low_ath,solana,pumpswap
9c2xmivnzjKNwoFhTAgrPCRY1h8BDUq5,XGOATS,SNIPER_H,1783867673290,1783870457211,-3.9,-3.93,0.0,46,stall_45min_low_ath,solana,pumpswap
9c2xmivnzjKNwoFhTAgrPCRY1h8BDUq5,XGOATS,SNIPER_B,1783867672638,1783870457914,-3.9,-3.93,0.0,46,stall_45min_low_ath,solana,pumpswap
9c2xmivnzjKNwoFhTAgrPCRY1h8BDUq5,XGOATS,SNIPER_A,1783867671913,1783870458702,-3.9,-3.93,0.0,46,stall_45min_low_ath,solana,pumpswap
0x0dea1f26fabf96c1cd8d9384ed0255,AONE,SNIPER_BSC_FILTERED,1783869661952,1783870780845,-100,-15,12.6,19,rug_no_data,bsc,pancakeswap
0x0dea1f26fabf96c1cd8d9384ed0255,AONE,SNIPER_H,1783869661211,1783870781799,-100,-100,11.8,19,rug_no_data,bsc,pancakeswap
0x0dea1f26fabf96c1cd8d9384ed0255,AONE,SNIPER_B,1783869660521,1783870782497,-100,-100,11.8,19,rug_no_data,bsc,pancakeswap
0x0dea1f26fabf96c1cd8d9384ed0255,AONE,SNIPER_A,1783869659741,1783870783189,-100,-100,11.8,19,rug_no_data,bsc,pancakeswap
73zRkSTLYuGvWNhCgG4VYmRNo2FCSYqE,Rizzler,SNIPER_SMART_TOP_AGE5,1783867882088,1783870783864,-2.6,-0.03,0.0,48,stall_45min_low_ath,solana,pumpswap
73zRkSTLYuGvWNhCgG4VYmRNo2FCSYqE,Rizzler,SNIPER_SMART_COPY_AGE5,1783867881429,1783870784703,-2.6,-0.03,0.0,48,stall_45min_low_ath,solana,pumpswap
73zRkSTLYuGvWNhCgG4VYmRNo2FCSYqE,Rizzler,SNIPER_SMART_CLUSTER,1783867880705,1783870785542,-2.6,-0.03,0.0,48,stall_45min_low_ath,solana,pumpswap
73zRkSTLYuGvWNhCgG4VYmRNo2FCSYqE,Rizzler,SNIPER_SMART_COPY_TOP,1783867880056,1783870786205,-2.6,-0.03,0.0,48,stall_45min_low_ath,solana,pumpswap
73zRkSTLYuGvWNhCgG4VYmRNo2FCSYqE,Rizzler,SNIPER_SMART_COPY,1783867879353,1783870786902,-2.6,-0.03,0.0,48,stall_45min_low_ath,solana,pumpswap
73zRkSTLYuGvWNhCgG4VYmRNo2FCSYqE,Rizzler,SNIPER_H2,1783867878690,1783870787584,-3.9,-3.91,0.0,48,stall_45min_low_ath,solana,pumpswap
73zRkSTLYuGvWNhCgG4VYmRNo2FCSYqE,Rizzler,SNIPER_H,1783867878029,1783870788327,-3.9,-3.91,0.0,49,stall_45min_low_ath,solana,pumpswap
73zRkSTLYuGvWNhCgG4VYmRNo2FCSYqE,Rizzler,SNIPER_B,1783867877372,1783870789059,-3.9,-3.91,0.0,49,stall_45min_low_ath,solana,pumpswap
73zRkSTLYuGvWNhCgG4VYmRNo2FCSYqE,Rizzler,SNIPER_A,1783867876635,1783870789851,-3.9,-3.91,0.0,49,stall_45min_low_ath,solana,pumpswap
3a6ZDR8jP1cxpmZb9toGhYR8nkNc8euK,Pussycoin,SNIPER_SMART_TOP_AGE5,1783870708149,1783871093612,-100,-1,4.0,6,rug_no_data,solana,meteora
3a6ZDR8jP1cxpmZb9toGhYR8nkNc8euK,Pussycoin,SNIPER_SMART_COPY_AGE5,1783870707434,1783871094508,-100,-1,4.0,6,rug_no_data,solana,meteora
3a6ZDR8jP1cxpmZb9toGhYR8nkNc8euK,Pussycoin,SNIPER_SMART_COPY_TOP,1783870706720,1783871095149,-100,-1,4.0,6,rug_no_data,solana,meteora
3a6ZDR8jP1cxpmZb9toGhYR8nkNc8euK,Pussycoin,SNIPER_SMART_COPY,1783870705957,1783871095813,-100,-1,4.0,6,rug_no_data,solana,meteora
3a6ZDR8jP1cxpmZb9toGhYR8nkNc8euK,Pussycoin,SNIPER_LATE,1783870705221,1783871096506,-100,-150,3.3,7,rug_no_data,solana,meteora
3a6ZDR8jP1cxpmZb9toGhYR8nkNc8euK,Pussycoin,SNIPER_H2,1783870704528,1783871097196,-100,-50,3.7,7,rug_no_data,solana,meteora
3a6ZDR8jP1cxpmZb9toGhYR8nkNc8euK,Pussycoin,SNIPER_H,1783870703811,1783871097966,-100,-50,3.7,7,rug_no_data,solana,meteora
3a6ZDR8jP1cxpmZb9toGhYR8nkNc8euK,Pussycoin,SNIPER_B,1783870703151,1783871098686,-100,-50,3.7,7,rug_no_data,solana,meteora
3a6ZDR8jP1cxpmZb9toGhYR8nkNc8euK,Pussycoin,SNIPER_A,1783870702305,1783871099344,-100,-50,3.7,7,rug_no_data,solana,meteora
GiWRDuRq8P3pFygL4FdmtHtwfSFU3YMp,$50,SNIPER_ULTRA_TRIPLE,1783870759096,1783871381494,-100,-1,72.3,10,rug_no_data,solana,pumpswap
GiWRDuRq8P3pFygL4FdmtHtwfSFU3YMp,$50,SNIPER_VOL_VEL,1783870758348,1783871382430,-100,-1,72.3,10,rug_no_data,solana,pumpswap
GiWRDuRq8P3pFygL4FdmtHtwfSFU3YMp,$50,SNIPER_MC_LIQ,1783870757632,1783871383121,-100,-1,72.3,10,rug_no_data,solana,pumpswap
GiWRDuRq8P3pFygL4FdmtHtwfSFU3YMp,$50,SNIPER_LATE,1783870756934,1783871383835,-100,-150,70.7,10,rug_no_data,solana,pumpswap
GiWRDuRq8P3pFygL4FdmtHtwfSFU3YMp,$50,SNIPER_H2,1783870756239,1783871384519,-100,-50,71.7,10,rug_no_data,solana,pumpswap
GiWRDuRq8P3pFygL4FdmtHtwfSFU3YMp,$50,SNIPER_H,1783870755537,1783871385226,-100,-50,71.7,10,rug_no_data,solana,pumpswap
GiWRDuRq8P3pFygL4FdmtHtwfSFU3YMp,$50,SNIPER_B,1783870754852,1783871385910,-100,-50,71.7,11,rug_no_data,solana,pumpswap
GiWRDuRq8P3pFygL4FdmtHtwfSFU3YMp,$50,SNIPER_A,1783870754036,1783871386706,-100,-50,71.7,11,rug_no_data,solana,pumpswap
9SAJD6HuC2ASaQ6avSBpqbf34Vgt9KZh,$50,SNIPER_H2,1783870693474,1783871387589,7.5,3.77,157.5,12,tight_trail,solana,pumpswap
9SAJD6HuC2ASaQ6avSBpqbf34Vgt9KZh,$50,SNIPER_H,1783870692782,1783871388473,7.5,3.77,157.5,12,tight_trail,solana,pumpswap
9SAJD6HuC2ASaQ6avSBpqbf34Vgt9KZh,$50,SNIPER_G,1783870692093,1783871389211,7.5,3.77,157.5,12,tight_trail,solana,pumpswap
9SAJD6HuC2ASaQ6avSBpqbf34Vgt9KZh,$50,SNIPER_D2,1783870691415,1783871389935,7.5,3.77,157.5,12,tight_trail,solana,pumpswap
9SAJD6HuC2ASaQ6avSBpqbf34Vgt9KZh,$50,SNIPER_D,1783870690754,1783871390713,7.5,3.77,157.5,12,tight_trail,solana,pumpswap
9SAJD6HuC2ASaQ6avSBpqbf34Vgt9KZh,$50,SNIPER_B,1783870690081,1783871391391,7.5,3.77,157.5,12,tight_trail,solana,pumpswap
9SAJD6HuC2ASaQ6avSBpqbf34Vgt9KZh,$50,SNIPER_A,1783870689337,1783871392115,7.5,3.77,157.5,12,tight_trail,solana,pumpswap
CZ7GbjpzeboQforS83xBk7ih9uwSspAb,2CAB,SNIPER_SMART_TOP_AGE5,1783870072713,1783871392823,49.4,0.49,112.7,22,paper_SNIPER_SMART_TOP_AGE5_trail,solana,pumpswap
CZ7GbjpzeboQforS83xBk7ih9uwSspAb,2CAB,SNIPER_SMART_COPY_AGE5,1783870071993,1783871393670,49.4,0.49,112.7,22,paper_SNIPER_SMART_COPY_AGE5_trail,solana,pumpswap
CZ7GbjpzeboQforS83xBk7ih9uwSspAb,2CAB,SNIPER_SMART_COPY_TOP,1783870071291,1783871394479,49.4,0.49,112.7,22,paper_SNIPER_SMART_COPY_TOP_trail,solana,pumpswap
CZ7GbjpzeboQforS83xBk7ih9uwSspAb,2CAB,SNIPER_SMART_COPY,1783870070593,1783871395237,49.4,0.49,112.7,22,paper_SNIPER_SMART_COPY_trail,solana,pumpswap
CZ7GbjpzeboQforS83xBk7ih9uwSspAb,2CAB,SNIPER_D2,1783870069931,1783871396012,47.4,23.72,111.2,22,wide_trail,solana,pumpswap
CZ7GbjpzeboQforS83xBk7ih9uwSspAb,2CAB,SNIPER_D,1783870069302,1783871396767,47.4,23.72,111.2,22,wide_trail,solana,pumpswap
CZ7GbjpzeboQforS83xBk7ih9uwSspAb,2CAB,SNIPER_B,1783870068635,1783871397548,47.4,23.72,111.2,22,wide_trail,solana,pumpswap
CZ7GbjpzeboQforS83xBk7ih9uwSspAb,2CAB,SNIPER_A,1783870067768,1783871398203,47.4,23.72,111.2,22,wide_trail,solana,pumpswap
DwHsboRN5195oVj728aRTyPR6m8KUT1Z,GDWR,SNIPER_MC_LIQ,1783868289828,1783871398907,-100,-1,86.9,52,rug_no_data,solana,pumpswap
DwHsboRN5195oVj728aRTyPR6m8KUT1Z,GDWR,SNIPER_H,1783868289128,1783871399714,-100,-100,86.5,52,rug_no_data,solana,pumpswap
DwHsboRN5195oVj728aRTyPR6m8KUT1Z,GDWR,SNIPER_B,1783868288416,1783871400424,-100,-100,86.5,52,rug_no_data,solana,pumpswap
DwHsboRN5195oVj728aRTyPR6m8KUT1Z,GDWR,SNIPER_A,1783868287630,1783871401154,-100,-100,86.5,52,rug_no_data,solana,pumpswap
AkXwDXA52HNimzsjE6nUzJkKUGKzsioJ,50,SNIPER_LOWCAP,1783871367732,1783871697897,-100,-100,0.0,6,rug_no_data,solana,pumpswap
AkXwDXA52HNimzsjE6nUzJkKUGKzsioJ,50,SNIPER_LATE,1783871367056,1783871698790,-100,-150,0.0,6,rug_no_data,solana,pumpswap
AkXwDXA52HNimzsjE6nUzJkKUGKzsioJ,50,SNIPER_H2,1783871366383,1783871699397,-100,-50,0.0,6,rug_no_data,solana,pumpswap
AkXwDXA52HNimzsjE6nUzJkKUGKzsioJ,50,SNIPER_H,1783871365728,1783871700079,-100,-50,0.0,6,rug_no_data,solana,pumpswap
AkXwDXA52HNimzsjE6nUzJkKUGKzsioJ,50,SNIPER_B,1783871365050,1783871700806,-100,-50,0.0,6,rug_no_data,solana,pumpswap
AkXwDXA52HNimzsjE6nUzJkKUGKzsioJ,50,SNIPER_A,1783871364320,1783871701590,-100,-50,0.0,6,rug_no_data,solana,pumpswap
0xa6ba778a98c3068d714abf42cde4fd,HDS,SNIPER_B,1783872000318,1783872032507,-100,-100,0.0,1,rug_no_data,bsc,pancakeswap
0xa6ba778a98c3068d714abf42cde4fd,HDS,SNIPER_A,1783871999533,1783872033515,-100,-50,0.0,1,rug_no_data,bsc,pancakeswap
5byeYFu335oSquMAuHtTuAU6GLJKXDkL,SISTERS,SNIPER_SMART_TOP_AGE5,1783871688906,1783872034211,-100,-1,0.0,6,rug_no_data,solana,meteora
5byeYFu335oSquMAuHtTuAU6GLJKXDkL,SISTERS,SNIPER_SMART_COPY_AGE5,1783871688074,1783872035022,-100,-1,0.0,6,rug_no_data,solana,meteora
5byeYFu335oSquMAuHtTuAU6GLJKXDkL,SISTERS,SNIPER_SMART_COPY_TOP,1783871687368,1783872035709,-100,-1,0.0,6,rug_no_data,solana,meteora
5byeYFu335oSquMAuHtTuAU6GLJKXDkL,SISTERS,SNIPER_SMART_COPY,1783871686637,1783872036435,-100,-1,0.0,6,rug_no_data,solana,meteora
5byeYFu335oSquMAuHtTuAU6GLJKXDkL,SISTERS,SNIPER_H2,1783871685966,1783872037277,-100,-100,0.0,6,rug_no_data,solana,meteora
5byeYFu335oSquMAuHtTuAU6GLJKXDkL,SISTERS,SNIPER_H,1783871685318,1783872037968,-100,-100,0.0,6,rug_no_data,solana,meteora
5byeYFu335oSquMAuHtTuAU6GLJKXDkL,SISTERS,SNIPER_B,1783871684649,1783872038652,-100,-100,0.0,6,rug_no_data,solana,meteora
5byeYFu335oSquMAuHtTuAU6GLJKXDkL,SISTERS,SNIPER_A,1783871683831,1783872039399,-100,-100,0.0,6,rug_no_data,solana,meteora
8GxLJgmLphvpjEkdLR9ReonefuYiG7KH,RIBBIT,SNIPER_SMART_TOP_AGE5,1783871031942,1783872040206,8.5,0.09,24.2,17,paper_SNIPER_SMART_TOP_AGE5_trail,solana,meteora
8GxLJgmLphvpjEkdLR9ReonefuYiG7KH,RIBBIT,SNIPER_SMART_COPY_AGE5,1783871031132,1783872041133,8.5,0.09,24.2,17,paper_SNIPER_SMART_COPY_AGE5_trail,solana,meteora
8GxLJgmLphvpjEkdLR9ReonefuYiG7KH,RIBBIT,SNIPER_SMART_COPY_TOP,1783871030429,1783872041793,8.5,0.09,24.2,17,paper_SNIPER_SMART_COPY_TOP_trail,solana,meteora
8GxLJgmLphvpjEkdLR9ReonefuYiG7KH,RIBBIT,SNIPER_SMART_COPY,1783871029740,1783872042439,8.5,0.09,24.2,17,paper_SNIPER_SMART_COPY_trail,solana,meteora
8GxLJgmLphvpjEkdLR9ReonefuYiG7KH,RIBBIT,SNIPER_LATE,1783871029072,1783872043086,7,10.45,23.3,17,medium_trail,solana,meteora
8GxLJgmLphvpjEkdLR9ReonefuYiG7KH,RIBBIT,SNIPER_H,1783871028405,1783872043779,8,4,23.9,17,medium_trail,solana,meteora
8GxLJgmLphvpjEkdLR9ReonefuYiG7KH,RIBBIT,SNIPER_B,1783871027728,1783872044584,8,4,23.9,17,medium_trail,solana,meteora
8GxLJgmLphvpjEkdLR9ReonefuYiG7KH,RIBBIT,SNIPER_A,1783871026939,1783872045273,8,4,23.9,17,medium_trail,solana,meteora
2hCKfuTu6XweT1Bv2iefg1K1zr3Ut9Qz,Bottom,SNIPER_SMART_TOP_AGE5,1783872453214,1783872779949,-100,-1,4.3,5,rug_no_data,solana,meteora
2hCKfuTu6XweT1Bv2iefg1K1zr3Ut9Qz,Bottom,SNIPER_SMART_COPY_AGE5,1783872452433,1783872780808,-100,-1,4.3,5,rug_no_data,solana,meteora
2hCKfuTu6XweT1Bv2iefg1K1zr3Ut9Qz,Bottom,SNIPER_SMART_COPY_TOP,1783872451737,1783872781388,-100,-1,4.3,5,rug_no_data,solana,meteora
2hCKfuTu6XweT1Bv2iefg1K1zr3Ut9Qz,Bottom,SNIPER_SMART_COPY,1783872451051,1783872782053,-100,-1,4.3,6,rug_no_data,solana,meteora
2hCKfuTu6XweT1Bv2iefg1K1zr3Ut9Qz,Bottom,SNIPER_LOWCAP,1783872450366,1783872782734,-100,-200,3.4,6,rug_no_data,solana,meteora
2hCKfuTu6XweT1Bv2iefg1K1zr3Ut9Qz,Bottom,SNIPER_H2,1783872449671,1783872783392,-100,-200,3.4,6,rug_no_data,solana,meteora
2hCKfuTu6XweT1Bv2iefg1K1zr3Ut9Qz,Bottom,SNIPER_H,1783872448944,1783872784101,-100,-200,3.4,6,rug_no_data,solana,meteora
2hCKfuTu6XweT1Bv2iefg1K1zr3Ut9Qz,Bottom,SNIPER_A,1783872448122,1783872784796,-100,-200,3.4,6,rug_no_data,solana,meteora
AaHqANTtuWRL8tPoJg5TJZHiugxEYQha,$50,SNIPER_ULTRA_TRIPLE,1783870402248,1783872785479,93.7,0.94,414.2,40,paper_SNIPER_ULTRA_TRIPLE_trail,solana,pumpswap
AaHqANTtuWRL8tPoJg5TJZHiugxEYQha,$50,SNIPER_VOL_VEL,1783870401646,1783872786296,93.7,0.94,414.2,40,paper_SNIPER_VOL_VEL_trail,solana,pumpswap
AaHqANTtuWRL8tPoJg5TJZHiugxEYQha,$50,SNIPER_MC_LIQ,1783870400903,1783872786990,93.7,0.94,414.2,40,paper_SNIPER_MC_LIQ_trail,solana,pumpswap
AaHqANTtuWRL8tPoJg5TJZHiugxEYQha,$50,SNIPER_LATE,1783870399897,1783872787661,92,137.99,412.2,40,tight_trail,solana,pumpswap
AaHqANTtuWRL8tPoJg5TJZHiugxEYQha,$50,SNIPER_H2,1783870399216,1783872788327,92.6,92.57,412.9,40,tight_trail,solana,pumpswap
AaHqANTtuWRL8tPoJg5TJZHiugxEYQha,$50,SNIPER_H,1783870398513,1783872789101,92.6,92.57,412.9,40,tight_trail,solana,pumpswap
AaHqANTtuWRL8tPoJg5TJZHiugxEYQha,$50,SNIPER_B,1783870397840,1783872789756,92.6,92.57,412.9,40,tight_trail,solana,pumpswap
AaHqANTtuWRL8tPoJg5TJZHiugxEYQha,$50,SNIPER_A,1783870397082,1783872790474,92.6,92.57,412.9,40,tight_trail,solana,pumpswap
0x2c492bd7553eea51c4c49a65cd8e1f,ACIRC,SNIPER_B,1783872762462,1783873170055,15.8,31.58,0.0,7,early_exit_ratio_99,bsc,pancakeswap
975FfXfVqDtjNh5vnPJKqhRXWT2PcJEi,50,SNIPER_SMART_TOP_AGE5,1783870412181,1783873171065,204.3,2.04,260.1,46,paper_SNIPER_SMART_TOP_AGE5_trail,solana,meteora
975FfXfVqDtjNh5vnPJKqhRXWT2PcJEi,50,SNIPER_SMART_COPY_AGE5,1783870411523,1783873171935,204.3,2.04,260.1,46,paper_SNIPER_SMART_COPY_AGE5_trail,solana,meteora
975FfXfVqDtjNh5vnPJKqhRXWT2PcJEi,50,SNIPER_SMART_COPY_TOP,1783870410922,1783873172646,204.3,2.04,260.1,46,paper_SNIPER_SMART_COPY_TOP_trail,solana,meteora
975FfXfVqDtjNh5vnPJKqhRXWT2PcJEi,50,SNIPER_SMART_COPY,1783870410336,1783873173360,204.3,2.04,260.1,46,paper_SNIPER_SMART_COPY_trail,solana,meteora
DYgi14BUwNiro6uem8EmCTSzcgpit9zw,BIRKIN,SNIPER_MC_LIQ,1783873065710,1783873538368,-81.2,-0.81,0.0,8,sl,solana,pumpswap
DYgi14BUwNiro6uem8EmCTSzcgpit9zw,BIRKIN,SNIPER_LATE,1783873065005,1783873539259,-81.7,-245.16,0.0,8,sl,solana,pumpswap
DYgi14BUwNiro6uem8EmCTSzcgpit9zw,BIRKIN,SNIPER_H2,1783873064320,1783873539922,-82.3,-82.35,0.0,8,early_exit_liq_-56%,solana,pumpswap
DYgi14BUwNiro6uem8EmCTSzcgpit9zw,BIRKIN,SNIPER_H,1783873063667,1783873540595,-82.3,-82.35,0.0,8,early_exit_liq_-56%,solana,pumpswap
DYgi14BUwNiro6uem8EmCTSzcgpit9zw,BIRKIN,SNIPER_B,1783873063011,1783873541259,-82.3,-82.35,0.0,8,early_exit_liq_-56%,solana,pumpswap
DYgi14BUwNiro6uem8EmCTSzcgpit9zw,BIRKIN,SNIPER_A,1783873062013,1783873541943,-81.4,-81.4,0.0,8,sl,solana,pumpswap
0x2c492bd7553eea51c4c49a65cd8e1f,ACIRC,SNIPER_A,1783872761722,1783873542775,-100,-200,26.5,13,rug_no_data,bsc,pancakeswap
975FfXfVqDtjNh5vnPJKqhRXWT2PcJEi,50,SNIPER_LOWCAP,1783870409709,1783873543571,-100,-100,258.1,52,rug_no_data,solana,meteora
975FfXfVqDtjNh5vnPJKqhRXWT2PcJEi,50,SNIPER_H,1783870408996,1783873544359,-100,-100,258.1,52,rug_no_data,solana,meteora
975FfXfVqDtjNh5vnPJKqhRXWT2PcJEi,50,SNIPER_B,1783870408323,1783873545013,-100,-100,258.1,52,rug_no_data,solana,meteora
975FfXfVqDtjNh5vnPJKqhRXWT2PcJEi,50,SNIPER_A,1783870407624,1783873545716,-100,-100,258.1,52,rug_no_data,solana,meteora
0x8408475cd1dedea01c748be92e2b13,ARM🏆,SNIPER_BSC_FILTERED,1783873771225,1783873782886,-100,-30,0.0,0,rug_no_data,bsc,pancakeswap
0x8408475cd1dedea01c748be92e2b13,ARM🏆,SNIPER_H,1783873770474,1783873783698,-100,-100,0.0,0,rug_no_data,bsc,pancakeswap
0x8408475cd1dedea01c748be92e2b13,ARM🏆,SNIPER_B,1783873769732,1783873784239,-100,-100,0.0,0,rug_no_data,bsc,pancakeswap
0x8408475cd1dedea01c748be92e2b13,ARM🏆,SNIPER_A,1783873768942,1783873784879,-100,-100,0.0,0,rug_no_data,bsc,pancakeswap
7mrg8kPDVntWexiRNcoPcwM53BwwAv9Z,BIRKIN,SNIPER_SMART_TOP_AGE5,1783873501133,1783873785544,-100,-1,0.0,5,rug_no_data,solana,meteora
7mrg8kPDVntWexiRNcoPcwM53BwwAv9Z,BIRKIN,SNIPER_SMART_COPY_AGE5,1783873500428,1783873786329,-100,-1,0.0,5,rug_no_data,solana,meteora
7mrg8kPDVntWexiRNcoPcwM53BwwAv9Z,BIRKIN,SNIPER_SMART_COPY_TOP,1783873499685,1783873787037,-100,-1,0.0,5,rug_no_data,solana,meteora
7mrg8kPDVntWexiRNcoPcwM53BwwAv9Z,BIRKIN,SNIPER_SMART_COPY,1783873498980,1783873787701,-100,-1,0.0,5,rug_no_data,solana,meteora
7mrg8kPDVntWexiRNcoPcwM53BwwAv9Z,BIRKIN,SNIPER_H2,1783873498327,1783873788365,-100,-100,0.0,5,rug_no_data,solana,meteora
7mrg8kPDVntWexiRNcoPcwM53BwwAv9Z,BIRKIN,SNIPER_H,1783873497666,1783873789049,-100,-100,0.0,5,rug_no_data,solana,meteora
7mrg8kPDVntWexiRNcoPcwM53BwwAv9Z,BIRKIN,SNIPER_B,1783873497018,1783873789704,-100,-100,0.0,5,rug_no_data,solana,meteora
7mrg8kPDVntWexiRNcoPcwM53BwwAv9Z,BIRKIN,SNIPER_A,1783873496289,1783873790386,-100,-100,0.0,5,rug_no_data,solana,meteora
4fHMgnrxJQJjUXaX294UFFHsZNua1CT5,fun,SNIPER_H2,1783874003822,1783874205169,-47.9,-47.92,0.0,3,sl,solana,pumpswap
4fHMgnrxJQJjUXaX294UFFHsZNua1CT5,fun,SNIPER_H,1783874003132,1783874206086,-47.9,-47.92,0.0,3,sl,solana,pumpswap
4fHMgnrxJQJjUXaX294UFFHsZNua1CT5,fun,SNIPER_D2,1783874002441,1783874206754,-47.9,-47.92,0.0,3,sl,solana,pumpswap
4fHMgnrxJQJjUXaX294UFFHsZNua1CT5,fun,SNIPER_D,1783874001754,1783874207404,-47.9,-47.92,0.0,3,sl,solana,pumpswap
4fHMgnrxJQJjUXaX294UFFHsZNua1CT5,fun,SNIPER_B,1783874001068,1783874208070,-42.8,-42.83,0.0,3,sl,solana,pumpswap
4fHMgnrxJQJjUXaX294UFFHsZNua1CT5,fun,SNIPER_A,1783874000268,1783874208727,-42.8,-42.83,0.0,3,sl,solana,pumpswap
2bvbyhLZZSieMSadmVJukqjBfUMmGUEQ,BIRKIN,SNIPER_ULTRA_TRIPLE,1783872721550,1783874209452,-4.3,-0.04,32.6,25,paper_SNIPER_ULTRA_TRIPLE_trail,solana,pumpswap
2bvbyhLZZSieMSadmVJukqjBfUMmGUEQ,BIRKIN,SNIPER_VOL_VEL,1783872720859,1783874210230,-4.3,-0.04,32.6,25,paper_SNIPER_VOL_VEL_trail,solana,pumpswap
2bvbyhLZZSieMSadmVJukqjBfUMmGUEQ,BIRKIN,SNIPER_MC_LIQ,1783872720201,1783874210893,-4.3,-0.04,32.6,25,paper_SNIPER_MC_LIQ_trail,solana,pumpswap
2bvbyhLZZSieMSadmVJukqjBfUMmGUEQ,BIRKIN,SNIPER_LATE,1783872719540,1783874211562,-8.2,-24.74,29.8,25,tight_trail,solana,pumpswap
2bvbyhLZZSieMSadmVJukqjBfUMmGUEQ,BIRKIN,SNIPER_H2,1783872718883,1783874212216,-7,-13.91,30.7,25,tight_trail,solana,pumpswap
2bvbyhLZZSieMSadmVJukqjBfUMmGUEQ,BIRKIN,SNIPER_H,1783872718158,1783874212965,-7,-13.91,30.7,25,tight_trail,solana,pumpswap
2bvbyhLZZSieMSadmVJukqjBfUMmGUEQ,BIRKIN,SNIPER_F2,1783872717531,1783874213611,-7,-13.91,30.7,25,tight_trail,solana,pumpswap
2bvbyhLZZSieMSadmVJukqjBfUMmGUEQ,BIRKIN,SNIPER_F,1783872716890,1783874214263,-7,-13.91,30.7,25,tight_trail,solana,pumpswap
2bvbyhLZZSieMSadmVJukqjBfUMmGUEQ,BIRKIN,SNIPER_D2,1783872716223,1783874214929,-7,-13.91,30.7,25,tight_trail,solana,pumpswap
2bvbyhLZZSieMSadmVJukqjBfUMmGUEQ,BIRKIN,SNIPER_D,1783872715575,1783874215613,-7,-13.91,30.7,25,tight_trail,solana,pumpswap
2bvbyhLZZSieMSadmVJukqjBfUMmGUEQ,BIRKIN,SNIPER_B,1783872714940,1783874216282,-7,-13.91,30.7,25,tight_trail,solana,pumpswap
2bvbyhLZZSieMSadmVJukqjBfUMmGUEQ,BIRKIN,SNIPER_A,1783872714242,1783874217049,-7,-13.91,30.7,25,tight_trail,solana,pumpswap
BWMvaaDzzEAbVbcg8n4UArJvjKdzNTAB,BIRKIN,SNIPER_ULTRA_TRIPLE,1783872979089,1783874659083,-94.1,-0.94,422.5,28,sl,solana,pumpswap
BWMvaaDzzEAbVbcg8n4UArJvjKdzNTAB,BIRKIN,SNIPER_VOL_VEL,1783872978432,1783874660086,-94.1,-0.94,422.5,28,sl,solana,pumpswap
BWMvaaDzzEAbVbcg8n4UArJvjKdzNTAB,BIRKIN,SNIPER_MC_LIQ,1783872977765,1783874660778,-94.1,-0.94,422.5,28,sl,solana,pumpswap
BWMvaaDzzEAbVbcg8n4UArJvjKdzNTAB,BIRKIN,SNIPER_LATE,1783872977097,1783874661423,-94.8,-284.54,409.6,28,sl,solana,pumpswap
BWMvaaDzzEAbVbcg8n4UArJvjKdzNTAB,BIRKIN,SNIPER_H2,1783872976443,1783874662079,-94.7,-94.65,418.2,28,early_exit_liq_-75%,solana,pumpswap
BWMvaaDzzEAbVbcg8n4UArJvjKdzNTAB,BIRKIN,SNIPER_H,1783872975693,1783874662731,-94.7,-94.65,418.2,28,early_exit_liq_-75%,solana,pumpswap
BWMvaaDzzEAbVbcg8n4UArJvjKdzNTAB,BIRKIN,SNIPER_F2,1783872974986,1783874663425,-94.7,-94.65,418.2,28,early_exit_liq_-75%,solana,pumpswap
BWMvaaDzzEAbVbcg8n4UArJvjKdzNTAB,BIRKIN,SNIPER_F,1783872974332,1783874664209,-94.7,-94.65,418.2,28,early_exit_liq_-75%,solana,pumpswap
BWMvaaDzzEAbVbcg8n4UArJvjKdzNTAB,BIRKIN,SNIPER_D2,1783872973659,1783874664859,-94.7,-94.65,418.2,28,early_exit_liq_-75%,solana,pumpswap
BWMvaaDzzEAbVbcg8n4UArJvjKdzNTAB,BIRKIN,SNIPER_D,1783872972960,1783874665512,-94.7,-94.65,418.2,28,early_exit_liq_-75%,solana,pumpswap
BWMvaaDzzEAbVbcg8n4UArJvjKdzNTAB,BIRKIN,SNIPER_B,1783872972307,1783874666200,-94.7,-94.65,418.2,28,early_exit_liq_-75%,solana,pumpswap
BWMvaaDzzEAbVbcg8n4UArJvjKdzNTAB,BIRKIN,SNIPER_A,1783872971574,1783874666933,-94.4,-94.36,397.8,28,sl,solana,pumpswap
0xa993019b1f63be4320b430feafa1fa,宝贝狗,SNIPER_BSC_FILTERED,1783875556795,1783875587771,-100,-30,0.0,1,rug_no_data,bsc,pancakeswap
0xa993019b1f63be4320b430feafa1fa,宝贝狗,SNIPER_H,1783875556064,1783875588702,-100,-100,0.0,1,rug_no_data,bsc,pancakeswap
0xa993019b1f63be4320b430feafa1fa,宝贝狗,SNIPER_B,1783875555287,1783875589373,-100,-100,0.0,1,rug_no_data,bsc,pancakeswap
0xa993019b1f63be4320b430feafa1fa,宝贝狗,SNIPER_A,1783875554396,1783875590060,-100,-100,0.0,1,rug_no_data,bsc,pancakeswap
aoYzQfDvwEZmvWN5T41kjhQjZqWcco88,PLONK,SNIPER_H2,1783875527281,1783875781523,-100,-100,0.0,4,rug_no_data,solana,pumpswap
aoYzQfDvwEZmvWN5T41kjhQjZqWcco88,PLONK,SNIPER_H,1783875526602,1783875782488,-100,-100,0.0,4,rug_no_data,solana,pumpswap
aoYzQfDvwEZmvWN5T41kjhQjZqWcco88,PLONK,SNIPER_B,1783875525961,1783875783172,-100,-100,0.0,4,rug_no_data,solana,pumpswap
aoYzQfDvwEZmvWN5T41kjhQjZqWcco88,PLONK,SNIPER_A,1783875525254,1783875783874,-100,-100,0.0,4,rug_no_data,solana,pumpswap
7MwXAq417K2RR4s9qKV8hi6yMZbWNQNf,fun,SNIPER_H2,1783875913323,1783875991022,-16.5,-21.4,0.0,1,sl,solana,pumpswap
7MwXAq417K2RR4s9qKV8hi6yMZbWNQNf,fun,SNIPER_H,1783875912474,1783875991934,-16.5,-21.4,0.0,1,sl,solana,pumpswap
7MwXAq417K2RR4s9qKV8hi6yMZbWNQNf,fun,SNIPER_B,1783875911091,1783875992569,-16.5,-21.4,0.0,1,sl,solana,pumpswap
7MwXAq417K2RR4s9qKV8hi6yMZbWNQNf,fun,SNIPER_A,1783875908775,1783875993221,-16.5,-21.4,0.0,1,sl,solana,pumpswap
4MHghJdDssNHpeGVzpy4CbJUMVo4Erqj,Tater,SNIPER_SMART_TOP_AGE5,1783875544740,1783875993876,-100,-1,1.3,7,rug_no_data,solana,meteora
4MHghJdDssNHpeGVzpy4CbJUMVo4Erqj,Tater,SNIPER_SMART_COPY_AGE5,1783875543956,1783875994659,-100,-1,1.3,8,rug_no_data,solana,meteora
4MHghJdDssNHpeGVzpy4CbJUMVo4Erqj,Tater,SNIPER_SMART_COPY_TOP,1783875543195,1783875995390,-100,-1,1.3,8,rug_no_data,solana,meteora
4MHghJdDssNHpeGVzpy4CbJUMVo4Erqj,Tater,SNIPER_SMART_COPY,1783875542374,1783875996057,-100,-1,1.3,8,rug_no_data,solana,meteora
4MHghJdDssNHpeGVzpy4CbJUMVo4Erqj,Tater,SNIPER_H2,1783875541592,1783875996730,-100,-100,0.7,8,rug_no_data,solana,meteora
4MHghJdDssNHpeGVzpy4CbJUMVo4Erqj,Tater,SNIPER_H,1783875540905,1783875997403,-100,-100,0.7,8,rug_no_data,solana,meteora
4MHghJdDssNHpeGVzpy4CbJUMVo4Erqj,Tater,SNIPER_A,1783875540025,1783875998051,-100,-100,0.7,8,rug_no_data,solana,meteora
3qdp8SYDAAj9knrLWQZGQncPMKBBrH98,home,SNIPER_TIER_100_200_BANG,1783875745452,1783876144623,-100,-1,11.5,7,rug_no_data,solana,pumpswap
3qdp8SYDAAj9knrLWQZGQncPMKBBrH98,home,SNIPER_ULTRA_TRIPLE,1783875744801,1783876145605,-100,-1,11.5,7,rug_no_data,solana,pumpswap
3qdp8SYDAAj9knrLWQZGQncPMKBBrH98,home,SNIPER_VOL_VEL,1783875744162,1783876146288,-100,-1,11.5,7,rug_no_data,solana,pumpswap
3qdp8SYDAAj9knrLWQZGQncPMKBBrH98,home,SNIPER_MC_LIQ,1783875743501,1783876146955,-100,-1,11.5,7,rug_no_data,solana,pumpswap
3qdp8SYDAAj9knrLWQZGQncPMKBBrH98,home,SNIPER_B,1783875742855,1783876147629,-100,-260,10.3,7,rug_no_data,solana,pumpswap
3qdp8SYDAAj9knrLWQZGQncPMKBBrH98,home,SNIPER_A,1783875742131,1783876148298,-100,-260,10.3,7,rug_no_data,solana,pumpswap
0x3deecf8a71f5105001a61cd3d6b654,IONE,SNIPER_B,1783874929594,1783876761860,-100,-200,29.9,31,rug_no_data,bsc,pancakeswap
0x3deecf8a71f5105001a61cd3d6b654,IONE,SNIPER_A,1783874928837,1783876762680,-100,-200,29.9,31,rug_no_data,bsc,pancakeswap
8XNgmsXoJmK9WCouwchF8fXGWuC1vrzu,PLONK,SNIPER_LOWCAP,1783875904514,1783877028058,-100,-260,8.1,19,rug_no_data,solana,pumpswap
8XNgmsXoJmK9WCouwchF8fXGWuC1vrzu,PLONK,SNIPER_LATE,1783875903752,1783877028936,-100,-390,7.5,19,rug_no_data,solana,pumpswap
8XNgmsXoJmK9WCouwchF8fXGWuC1vrzu,PLONK,SNIPER_H2,1783875902992,1783877029614,-100,-130,8.6,19,rug_no_data,solana,pumpswap
8XNgmsXoJmK9WCouwchF8fXGWuC1vrzu,PLONK,SNIPER_H,1783875902196,1783877030332,-100,-130,8.6,19,rug_no_data,solana,pumpswap
8XNgmsXoJmK9WCouwchF8fXGWuC1vrzu,PLONK,SNIPER_B,1783875901329,1783877031018,-100,-130,8.6,19,rug_no_data,solana,pumpswap
8XNgmsXoJmK9WCouwchF8fXGWuC1vrzu,PLONK,SNIPER_A,1783875900443,1783877031734,-100,-130,8.6,19,rug_no_data,solana,pumpswap
CRKwVsZTrEatHHKReDAgfdyGcehisjnz,Scatman,SNIPER_VOL_VEL,1783876757668,1783877364253,5.6,0.06,108.1,10,paper_SNIPER_VOL_VEL_trail,solana,pumpswap
CRKwVsZTrEatHHKReDAgfdyGcehisjnz,Scatman,SNIPER_LOWCAP,1783876757006,1783877365128,2.9,7.47,105.3,10,medium_trail,solana,pumpswap
CRKwVsZTrEatHHKReDAgfdyGcehisjnz,Scatman,SNIPER_LATE,1783876756361,1783877365805,1.5,5.93,104.0,10,medium_trail,solana,pumpswap
CRKwVsZTrEatHHKReDAgfdyGcehisjnz,Scatman,SNIPER_H2,1783876755697,1783877366515,2.9,7.47,105.3,10,medium_trail,solana,pumpswap
CRKwVsZTrEatHHKReDAgfdyGcehisjnz,Scatman,SNIPER_H,1783876755006,1783877367202,2.9,7.47,105.3,10,medium_trail,solana,pumpswap
CRKwVsZTrEatHHKReDAgfdyGcehisjnz,Scatman,SNIPER_B,1783876754374,1783877367912,14.4,37.32,105.3,10,tight_trail,solana,pumpswap
CRKwVsZTrEatHHKReDAgfdyGcehisjnz,Scatman,SNIPER_A,1783876753670,1783877368637,14.4,37.32,105.3,10,tight_trail,solana,pumpswap
0xed6731f96ab913c8219a2fdb08e1ac,SGRID,SNIPER_B,1783877888513,1783878477129,-100,-260,29.1,10,rug_no_data,bsc,pancakeswap
0xed6731f96ab913c8219a2fdb08e1ac,SGRID,SNIPER_A,1783877887769,1783878478036,-100,-260,29.1,10,rug_no_data,bsc,pancakeswap
Ffc7vaqAKfHpS9hFJuHCcM2CbC35p5wd,BULLOS,SNIPER_LATE,1783878607692,1783878623764,-100,-390,0.0,0,rug_no_data,solana,meteora
Ffc7vaqAKfHpS9hFJuHCcM2CbC35p5wd,BULLOS,SNIPER_H2,1783878606939,1783878624688,-100,-260,0.0,0,rug_no_data,solana,meteora
Ffc7vaqAKfHpS9hFJuHCcM2CbC35p5wd,BULLOS,SNIPER_H,1783878606136,1783878625372,-100,-260,0.0,0,rug_no_data,solana,meteora
Ffc7vaqAKfHpS9hFJuHCcM2CbC35p5wd,BULLOS,SNIPER_B,1783878605366,1783878626081,-100,-260,0.0,0,rug_no_data,solana,meteora
Ffc7vaqAKfHpS9hFJuHCcM2CbC35p5wd,BULLOS,SNIPER_A,1783878604423,1783878626782,-100,-260,0.0,0,rug_no_data,solana,meteora
D2hnnZC9DMozuE4EsXK2qrm6LbPXTCDT,1,SNIPER_H2,1783878066638,1783879100291,3.9,5.05,18.8,17,tight_trail,solana,pumpswap
D2hnnZC9DMozuE4EsXK2qrm6LbPXTCDT,1,SNIPER_H,1783878065906,1783879101205,3.9,5.05,18.8,17,tight_trail,solana,pumpswap
D2hnnZC9DMozuE4EsXK2qrm6LbPXTCDT,1,SNIPER_B,1783878065218,1783879101803,3.9,5.05,18.8,17,tight_trail,solana,pumpswap
D2hnnZC9DMozuE4EsXK2qrm6LbPXTCDT,1,SNIPER_A,1783878064505,1783879102494,3.9,5.05,18.8,17,tight_trail,solana,pumpswap
2xzPLyqMX7JUstpCPo5qfyFLKrPi5T6Z,Nillionai,SNIPER_ML_SCORER,1783879394437,1783879760022,-100,-1,63.5,6,rug_no_data,solana,pumpswap
2xzPLyqMX7JUstpCPo5qfyFLKrPi5T6Z,Nillionai,SNIPER_ML_RULE_B,1783879393663,1783879760920,-100,-1,63.5,6,rug_no_data,solana,pumpswap
2xzPLyqMX7JUstpCPo5qfyFLKrPi5T6Z,Nillionai,SNIPER_H2,1783879392913,1783879761586,-100,-100,62.8,6,rug_no_data,solana,pumpswap
2xzPLyqMX7JUstpCPo5qfyFLKrPi5T6Z,Nillionai,SNIPER_H,1783879392193,1783879762271,-100,-100,62.8,6,rug_no_data,solana,pumpswap
2xzPLyqMX7JUstpCPo5qfyFLKrPi5T6Z,Nillionai,SNIPER_G,1783879391455,1783879762946,-100,-100,62.8,6,rug_no_data,solana,pumpswap
2xzPLyqMX7JUstpCPo5qfyFLKrPi5T6Z,Nillionai,SNIPER_D2,1783879390739,1783879763683,-100,-100,62.8,6,rug_no_data,solana,pumpswap
2xzPLyqMX7JUstpCPo5qfyFLKrPi5T6Z,Nillionai,SNIPER_D,1783879390035,1783879764510,-100,-100,62.8,6,rug_no_data,solana,pumpswap
2xzPLyqMX7JUstpCPo5qfyFLKrPi5T6Z,Nillionai,SNIPER_B,1783879389295,1783879765197,-100,-100,62.8,6,rug_no_data,solana,pumpswap
2xzPLyqMX7JUstpCPo5qfyFLKrPi5T6Z,Nillionai,SNIPER_A,1783879388502,1783879765883,-100,-100,62.8,6,rug_no_data,solana,pumpswap
2KikhSLa1quz2pHoNZDfhtWDoScQ9taL,Elongate,SNIPER_SMART_TOP_AGE5,1783879338404,1783879766576,-100,-1,0.0,7,rug_no_data,solana,meteora
2KikhSLa1quz2pHoNZDfhtWDoScQ9taL,Elongate,SNIPER_SMART_COPY_AGE5,1783879337741,1783879767397,-100,-1,0.0,7,rug_no_data,solana,meteora
2KikhSLa1quz2pHoNZDfhtWDoScQ9taL,Elongate,SNIPER_SMART_COPY_TOP,1783879337026,1783879768189,-100,-1,0.0,7,rug_no_data,solana,meteora
2KikhSLa1quz2pHoNZDfhtWDoScQ9taL,Elongate,SNIPER_SMART_COPY,1783879336247,1783879768851,-100,-1,0.0,7,rug_no_data,solana,meteora
2KikhSLa1quz2pHoNZDfhtWDoScQ9taL,Elongate,SNIPER_VOL_VEL,1783879335536,1783879769512,-100,-1,0.0,7,rug_no_data,solana,meteora
2KikhSLa1quz2pHoNZDfhtWDoScQ9taL,Elongate,SNIPER_LATE,1783879334840,1783879770214,-100,-300,0.0,7,rug_no_data,solana,meteora
2KikhSLa1quz2pHoNZDfhtWDoScQ9taL,Elongate,SNIPER_H2,1783879334142,1783879770986,-100,-200,0.0,7,rug_no_data,solana,meteora
2KikhSLa1quz2pHoNZDfhtWDoScQ9taL,Elongate,SNIPER_H,1783879333443,1783879771660,-100,-200,0.0,7,rug_no_data,solana,meteora
2KikhSLa1quz2pHoNZDfhtWDoScQ9taL,Elongate,SNIPER_B,1783879332676,1783879772347,-100,-200,0.0,7,rug_no_data,solana,meteora
2KikhSLa1quz2pHoNZDfhtWDoScQ9taL,Elongate,SNIPER_A,1783879331930,1783879773095,-100,-200,0.0,7,rug_no_data,solana,meteora
5wB6q2ijufuSHtAFM6APA6os6YXroumm,Scatman,SNIPER_MC_LIQ,1783879321756,1783879773809,-100,-1,0.5,8,rug_no_data,solana,pumpswap
5wB6q2ijufuSHtAFM6APA6os6YXroumm,Scatman,SNIPER_H,1783879321024,1783879774760,-100,-100,0.1,8,rug_no_data,solana,pumpswap
5wB6q2ijufuSHtAFM6APA6os6YXroumm,Scatman,SNIPER_B,1783879320350,1783879775425,-100,-100,0.1,8,rug_no_data,solana,pumpswap
5wB6q2ijufuSHtAFM6APA6os6YXroumm,Scatman,SNIPER_A,1783879319572,1783879776180,-100,-100,0.1,8,rug_no_data,solana,pumpswap
3k6jQ2neG1ZYwoxn83jPXFR4VpybFhYC,VLASSHOLE,SNIPER_MC_LIQ,1783879088479,1783879776868,-68.5,-0.68,44.5,11,sl,solana,pumpswap
3k6jQ2neG1ZYwoxn83jPXFR4VpybFhYC,VLASSHOLE,SNIPER_LATE,1783879087796,1783879777707,-69.6,-271.48,42.6,11,sl,solana,pumpswap
3k6jQ2neG1ZYwoxn83jPXFR4VpybFhYC,VLASSHOLE,SNIPER_H,1783879087112,1783879778510,-70.4,-91.56,43.9,12,early_exit_liq_-42%,solana,pumpswap
3k6jQ2neG1ZYwoxn83jPXFR4VpybFhYC,VLASSHOLE,SNIPER_B,1783879086434,1783879779209,-70.4,-91.56,43.9,12,early_exit_liq_-42%,solana,pumpswap
3k6jQ2neG1ZYwoxn83jPXFR4VpybFhYC,VLASSHOLE,SNIPER_A,1783879085690,1783879779864,-68.8,-89.49,43.9,12,sl,solana,pumpswap
7kJAUw9gErjmupMzEic6XMG5rSk8FCUQ,Solana￴,SNIPER_MC_LIQ,1783877015511,1783879780560,-2.6,-0.03,0.0,46,stall_45min_low_ath,solana,raydium
7kJAUw9gErjmupMzEic6XMG5rSk8FCUQ,Solana￴,SNIPER_H2,1783877014842,1783879781432,-2.7,-3.48,0.0,46,stall_45min_low_ath,solana,raydium
7kJAUw9gErjmupMzEic6XMG5rSk8FCUQ,Solana￴,SNIPER_H,1783877014177,1783879782003,-2.7,-3.48,0.0,46,stall_45min_low_ath,solana,raydium
7kJAUw9gErjmupMzEic6XMG5rSk8FCUQ,Solana￴,SNIPER_B,1783877013488,1783879782672,-2.7,-3.48,0.0,46,stall_45min_low_ath,solana,raydium
7kJAUw9gErjmupMzEic6XMG5rSk8FCUQ,Solana￴,SNIPER_A,1783877012784,1783879783344,-2.7,-3.48,0.0,46,stall_45min_low_ath,solana,raydium
bGRUgmkhzK1dJY71EWmWJE4mbjtNrdPq,1,SNIPER_SMART_TOP_AGE5,1783879358264,1783880158210,-100,-1,9.8,13,rug_no_data,solana,meteora
bGRUgmkhzK1dJY71EWmWJE4mbjtNrdPq,1,SNIPER_SMART_COPY_AGE5,1783879357535,1783880159146,-100,-1,9.8,13,rug_no_data,solana,meteora
bGRUgmkhzK1dJY71EWmWJE4mbjtNrdPq,1,SNIPER_SMART_COPY_TOP,1783879356845,1783880159834,-100,-1,9.8,13,rug_no_data,solana,meteora
bGRUgmkhzK1dJY71EWmWJE4mbjtNrdPq,1,SNIPER_SMART_COPY,1783879356109,1783880160602,-100,-1,9.8,13,rug_no_data,solana,meteora
bGRUgmkhzK1dJY71EWmWJE4mbjtNrdPq,1,SNIPER_LATE,1783879355401,1783880161341,-100,-300,9.0,13,rug_no_data,solana,meteora
bGRUgmkhzK1dJY71EWmWJE4mbjtNrdPq,1,SNIPER_H2,1783879354747,1783880162081,-100,-200,9.3,13,rug_no_data,solana,meteora
bGRUgmkhzK1dJY71EWmWJE4mbjtNrdPq,1,SNIPER_H,1783879354017,1783880162900,-100,-200,9.3,13,rug_no_data,solana,meteora
bGRUgmkhzK1dJY71EWmWJE4mbjtNrdPq,1,SNIPER_F2,1783879353317,1783880163582,-100,-200,9.3,14,rug_no_data,solana,meteora
bGRUgmkhzK1dJY71EWmWJE4mbjtNrdPq,1,SNIPER_F,1783879352620,1783880164279,-100,-200,9.3,14,rug_no_data,solana,meteora
bGRUgmkhzK1dJY71EWmWJE4mbjtNrdPq,1,SNIPER_D2,1783879351955,1783880165013,-100,-200,9.3,14,rug_no_data,solana,meteora
bGRUgmkhzK1dJY71EWmWJE4mbjtNrdPq,1,SNIPER_D,1783879351269,1783880165727,-100,-200,9.3,14,rug_no_data,solana,meteora
bGRUgmkhzK1dJY71EWmWJE4mbjtNrdPq,1,SNIPER_B,1783879350474,1783880166432,-100,-200,9.3,14,rug_no_data,solana,meteora
bGRUgmkhzK1dJY71EWmWJE4mbjtNrdPq,1,SNIPER_A,1783879349726,1783880167320,-100,-200,9.3,14,rug_no_data,solana,meteora
8Hja79STQ225cpc2FwRgbcVpNoAykw93,$50,SNIPER_H2,1783880867981,1783880906482,-20.2,-20.17,0.0,1,sl,solana,pumpswap
8Hja79STQ225cpc2FwRgbcVpNoAykw93,$50,SNIPER_H,1783880867314,1783880907384,-20.2,-20.17,0.0,1,sl,solana,pumpswap
8Hja79STQ225cpc2FwRgbcVpNoAykw93,$50,SNIPER_B,1783880866641,1783880908080,-20.2,-20.17,0.0,1,sl,solana,pumpswap
8Hja79STQ225cpc2FwRgbcVpNoAykw93,$50,SNIPER_A,1783880865927,1783880908820,-20.2,-20.17,0.0,1,sl,solana,pumpswap
4DaaYtfLDzjMmN7GZya2cKVp8NMcEApS,MUSKRAT,SNIPER_LATE,1783881154428,1783881177221,-18.3,-54.99,0.0,0,sl,solana,pumpswap
4DaaYtfLDzjMmN7GZya2cKVp8NMcEApS,MUSKRAT,SNIPER_H2,1783881153739,1783881178208,-16.8,-16.81,0.0,0,sl,solana,pumpswap
4DaaYtfLDzjMmN7GZya2cKVp8NMcEApS,MUSKRAT,SNIPER_H,1783881153079,1783881178791,-16.8,-16.81,0.0,0,sl,solana,pumpswap
4DaaYtfLDzjMmN7GZya2cKVp8NMcEApS,MUSKRAT,SNIPER_B,1783881152369,1783881179483,-16.8,-16.81,0.0,0,sl,solana,pumpswap
4DaaYtfLDzjMmN7GZya2cKVp8NMcEApS,MUSKRAT,SNIPER_A,1783881151616,1783881180226,-16.8,-16.81,0.0,0,sl,solana,pumpswap
9YXqL7yUGXZ3ovLhNUKz6WxW4Rvw8jYt,Scatman,SNIPER_SMART_TOP_AGE5,1783879904376,1783881180967,-18.1,-0.18,10.8,21,sl,solana,meteora
9YXqL7yUGXZ3ovLhNUKz6WxW4Rvw8jYt,Scatman,SNIPER_SMART_COPY_AGE5,1783879903672,1783881181824,-18.1,-0.18,10.8,21,sl,solana,meteora
9YXqL7yUGXZ3ovLhNUKz6WxW4Rvw8jYt,Scatman,SNIPER_SMART_COPY_TOP,1783879902917,1783881182551,-18.1,-0.18,10.8,21,sl,solana,meteora
9YXqL7yUGXZ3ovLhNUKz6WxW4Rvw8jYt,Scatman,SNIPER_SMART_COPY,1783879902134,1783881183376,-18.1,-0.18,10.8,21,sl,solana,meteora
9YXqL7yUGXZ3ovLhNUKz6WxW4Rvw8jYt,Scatman,SNIPER_VOL_VEL,1783879901396,1783881184063,-18.1,-0.18,10.8,21,sl,solana,meteora
9YXqL7yUGXZ3ovLhNUKz6WxW4Rvw8jYt,Scatman,SNIPER_LATE,1783879900702,1783881184764,-19.4,-58.19,10.1,21,sl,solana,meteora
9YXqL7yUGXZ3ovLhNUKz6WxW4Rvw8jYt,Scatman,SNIPER_H2,1783879899991,1783881185518,-22.7,-22.66,10.5,21,early_exit_liq_-41%,solana,meteora
9YXqL7yUGXZ3ovLhNUKz6WxW4Rvw8jYt,Scatman,SNIPER_H,1783879899292,1783881186246,-22.7,-22.66,10.5,21,early_exit_liq_-41%,solana,meteora
9YXqL7yUGXZ3ovLhNUKz6WxW4Rvw8jYt,Scatman,SNIPER_B,1783879898600,1783881186976,-22.7,-22.66,10.5,21,early_exit_liq_-41%,solana,meteora
9YXqL7yUGXZ3ovLhNUKz6WxW4Rvw8jYt,Scatman,SNIPER_A,1783879897795,1783881187726,-18.5,-18.52,10.5,21,sl,solana,meteora
Dhi8YyCLK6KhHNhR2TsRYGnGF5t6cqAh,$50,SNIPER_H2,1783880855645,1783881481651,-7.7,-7.66,0.0,10,early_exit_liq_-50%,solana,meteora
Dhi8YyCLK6KhHNhR2TsRYGnGF5t6cqAh,$50,SNIPER_H,1783880854999,1783881482640,-7.7,-7.66,0.0,10,early_exit_liq_-50%,solana,meteora
Dhi8YyCLK6KhHNhR2TsRYGnGF5t6cqAh,$50,SNIPER_B,1783880854350,1783881483278,-7.7,-7.66,0.0,10,early_exit_liq_-50%,solana,meteora
Dhi8YyCLK6KhHNhR2TsRYGnGF5t6cqAh,$50,SNIPER_SMART_TOP_AGE5,1783880859743,1783881856786,-92,-0.92,0.0,17,sl,solana,meteora
Dhi8YyCLK6KhHNhR2TsRYGnGF5t6cqAh,$50,SNIPER_SMART_COPY_AGE5,1783880859031,1783881857727,-92,-0.92,0.0,17,sl,solana,meteora
Dhi8YyCLK6KhHNhR2TsRYGnGF5t6cqAh,$50,SNIPER_SMART_COPY_TOP,1783880858353,1783881858376,-92,-0.92,0.0,17,sl,solana,meteora
Dhi8YyCLK6KhHNhR2TsRYGnGF5t6cqAh,$50,SNIPER_SMART_COPY,1783880857695,1783881859061,-92,-0.92,0.0,17,sl,solana,meteora
Dhi8YyCLK6KhHNhR2TsRYGnGF5t6cqAh,$50,SNIPER_VOL_VEL,1783880857010,1783881859760,-92,-0.92,0.0,17,sl,solana,meteora
Dhi8YyCLK6KhHNhR2TsRYGnGF5t6cqAh,$50,SNIPER_LATE,1783880856314,1783881860495,-92.7,-278.24,0.0,17,sl,solana,meteora
Dhi8YyCLK6KhHNhR2TsRYGnGF5t6cqAh,$50,SNIPER_A,1783880853616,1783881861332,-92.3,-92.27,0.0,17,sl,solana,meteora
4DaaYtfLDzjMmN7GZya2cKVp8NMcEApS,MUSKRAT,SNIPER_ULTRA_TRIPLE,1783881156671,1783882005368,-14.1,-0.14,185.7,14,paper_SNIPER_ULTRA_TRIPLE_trail,solana,pumpswap
4DaaYtfLDzjMmN7GZya2cKVp8NMcEApS,MUSKRAT,SNIPER_VOL_VEL,1783881155829,1783882006197,-14.1,-0.14,185.7,14,paper_SNIPER_VOL_VEL_trail,solana,pumpswap
4DaaYtfLDzjMmN7GZya2cKVp8NMcEApS,MUSKRAT,SNIPER_MC_LIQ,1783881155113,1783882006905,-14.1,-0.14,185.7,14,paper_SNIPER_MC_LIQ_trail,solana,pumpswap
0x2314cd5e9152ded35c609845d2b01a,DOG,SNIPER_B,1783882240912,1783882270063,-100,-100,0.0,0,rug_no_data,bsc,pancakeswap
0x2314cd5e9152ded35c609845d2b01a,DOG,SNIPER_A,1783882240034,1783882270891,-100,-100,0.0,1,rug_no_data,bsc,pancakeswap
CpyCFYNYDA1VA5PtFxRVwJ6Wo3wxMzNi,Shikoku,SNIPER_SMART_TOP_AGE5,1783881779720,1783882271475,-41.3,-0.41,51.5,8,sl,solana,meteora
CpyCFYNYDA1VA5PtFxRVwJ6Wo3wxMzNi,Shikoku,SNIPER_SMART_COPY_AGE5,1783881778962,1783882272230,-41.3,-0.41,51.5,8,sl,solana,meteora
CpyCFYNYDA1VA5PtFxRVwJ6Wo3wxMzNi,Shikoku,SNIPER_SMART_COPY_TOP,1783881778273,1783882272912,-41.3,-0.41,51.5,8,sl,solana,meteora
CpyCFYNYDA1VA5PtFxRVwJ6Wo3wxMzNi,Shikoku,SNIPER_SMART_COPY,1783881777588,1783882273590,-41.3,-0.41,51.5,8,sl,solana,meteora
CpyCFYNYDA1VA5PtFxRVwJ6Wo3wxMzNi,Shikoku,SNIPER_VOL_VEL,1783881776921,1783882274303,-41.3,-0.41,51.5,8,sl,solana,meteora
CpyCFYNYDA1VA5PtFxRVwJ6Wo3wxMzNi,Shikoku,SNIPER_LOWCAP,1783881775930,1783882274979,-42.2,-84.46,51.0,8,sl,solana,meteora
CpyCFYNYDA1VA5PtFxRVwJ6Wo3wxMzNi,Shikoku,SNIPER_LATE,1783881775174,1783882275649,-42.7,-128.01,50.5,8,sl,solana,meteora
CpyCFYNYDA1VA5PtFxRVwJ6Wo3wxMzNi,Shikoku,SNIPER_H2,1783881774451,1783882276333,-42.2,-84.46,51.0,8,sl,solana,meteora
CpyCFYNYDA1VA5PtFxRVwJ6Wo3wxMzNi,Shikoku,SNIPER_H,1783881773720,1783882277045,-42.2,-84.46,51.0,8,sl,solana,meteora
CpyCFYNYDA1VA5PtFxRVwJ6Wo3wxMzNi,Shikoku,SNIPER_F2,1783881773019,1783882277712,-42.2,-84.46,51.0,8,sl,solana,meteora
CpyCFYNYDA1VA5PtFxRVwJ6Wo3wxMzNi,Shikoku,SNIPER_F,1783881772197,1783882278506,-42.2,-84.46,51.0,8,sl,solana,meteora
CpyCFYNYDA1VA5PtFxRVwJ6Wo3wxMzNi,Shikoku,SNIPER_D2,1783881771376,1783882279177,-42.2,-84.46,51.0,8,sl,solana,meteora
CpyCFYNYDA1VA5PtFxRVwJ6Wo3wxMzNi,Shikoku,SNIPER_D,1783881770579,1783882279850,-42.2,-84.46,51.0,8,sl,solana,meteora
CpyCFYNYDA1VA5PtFxRVwJ6Wo3wxMzNi,Shikoku,SNIPER_B,1783881769877,1783882280542,-42.2,-84.46,51.0,9,sl,solana,meteora
CpyCFYNYDA1VA5PtFxRVwJ6Wo3wxMzNi,Shikoku,SNIPER_A,1783881769103,1783882281197,-42.2,-84.46,51.0,9,sl,solana,meteora
FW5NsfovWwovcdCSs6Wgxc9rzwgVzqT1,NiggaTits,SNIPER_SMART_TOP_AGE5,1783883101386,1783883138908,-100,-1,0.0,1,rug_no_data,solana,meteora
FW5NsfovWwovcdCSs6Wgxc9rzwgVzqT1,NiggaTits,SNIPER_SMART_COPY_AGE5,1783883100504,1783883139882,-100,-1,0.0,1,rug_no_data,solana,meteora
FW5NsfovWwovcdCSs6Wgxc9rzwgVzqT1,NiggaTits,SNIPER_SMART_CLUSTER,1783883099772,1783883140540,-100,-1,0.0,1,rug_no_data,solana,meteora
FW5NsfovWwovcdCSs6Wgxc9rzwgVzqT1,NiggaTits,SNIPER_SMART_COPY_TOP,1783883099102,1783883141221,-100,-1,0.0,1,rug_no_data,solana,meteora
FW5NsfovWwovcdCSs6Wgxc9rzwgVzqT1,NiggaTits,SNIPER_SMART_COPY,1783883098442,1783883141861,-100,-1,0.0,1,rug_no_data,solana,meteora
FW5NsfovWwovcdCSs6Wgxc9rzwgVzqT1,NiggaTits,SNIPER_LOWCAP,1783883097745,1783883142551,-100,-200,0.0,1,rug_no_data,solana,meteora
FW5NsfovWwovcdCSs6Wgxc9rzwgVzqT1,NiggaTits,SNIPER_LATE,1783883097007,1783883143363,-100,-300,0.0,1,rug_no_data,solana,meteora
FW5NsfovWwovcdCSs6Wgxc9rzwgVzqT1,NiggaTits,SNIPER_H2,1783883096342,1783883144041,-100,-200,0.0,1,rug_no_data,solana,meteora
FW5NsfovWwovcdCSs6Wgxc9rzwgVzqT1,NiggaTits,SNIPER_H,1783883095681,1783883144712,-100,-200,0.0,1,rug_no_data,solana,meteora
FW5NsfovWwovcdCSs6Wgxc9rzwgVzqT1,NiggaTits,SNIPER_A,1783883094929,1783883145406,-100,-200,0.0,1,rug_no_data,solana,meteora
9v2ErNNRYQGucwdkVk5a7t1iy7iVDzEk,WIFCHI,SNIPER_SMART_TOP_AGE5,1783882681033,1783883146115,-15.4,-0.15,35.2,8,paper_SNIPER_SMART_TOP_AGE5_trail,solana,meteora
9v2ErNNRYQGucwdkVk5a7t1iy7iVDzEk,WIFCHI,SNIPER_SMART_COPY_AGE5,1783882680316,1783883146978,-15.4,-0.15,35.2,8,paper_SNIPER_SMART_COPY_AGE5_trail,solana,meteora
9v2ErNNRYQGucwdkVk5a7t1iy7iVDzEk,WIFCHI,SNIPER_SMART_COPY_TOP,1783882679609,1783883147556,-15.4,-0.15,35.2,8,paper_SNIPER_SMART_COPY_TOP_trail,solana,meteora
9v2ErNNRYQGucwdkVk5a7t1iy7iVDzEk,WIFCHI,SNIPER_SMART_COPY,1783882678908,1783883148186,-15.4,-0.15,35.2,8,paper_SNIPER_SMART_COPY_trail,solana,meteora
9v2ErNNRYQGucwdkVk5a7t1iy7iVDzEk,WIFCHI,SNIPER_LATE,1783882678211,1783883148869,-16.3,-48.81,34.5,8,tight_trail,solana,meteora
9v2ErNNRYQGucwdkVk5a7t1iy7iVDzEk,WIFCHI,SNIPER_H,1783882677500,1783883149548,-15.7,-15.66,35.0,8,tight_trail,solana,meteora
9v2ErNNRYQGucwdkVk5a7t1iy7iVDzEk,WIFCHI,SNIPER_B,1783882676821,1783883150346,-15.7,-15.66,35.0,8,tight_trail,solana,meteora
9v2ErNNRYQGucwdkVk5a7t1iy7iVDzEk,WIFCHI,SNIPER_A,1783882676060,1783883151112,-15.7,-15.66,35.0,8,tight_trail,solana,meteora
ASPbW3LUrLArfN1J5Ugy4aXciofp7A6T,WIF,SNIPER_H2,1783881996829,1783883486525,15.9,15.91,24.8,25,tight_trail,solana,pumpswap
ASPbW3LUrLArfN1J5Ugy4aXciofp7A6T,WIF,SNIPER_H,1783881996127,1783883487416,15.9,15.91,24.8,25,tight_trail,solana,pumpswap
ASPbW3LUrLArfN1J5Ugy4aXciofp7A6T,WIF,SNIPER_B,1783881995419,1783883488068,15.9,15.91,24.8,25,tight_trail,solana,pumpswap
ASPbW3LUrLArfN1J5Ugy4aXciofp7A6T,WIF,SNIPER_A,1783881994609,1783883488786,15.9,15.91,24.8,25,tight_trail,solana,pumpswap
CmqmGM1yL8aoUJPb3ShLzNuddjbAUHY8,simply buy,SNIPER_SMART_TOP_AGE5,1783884005372,1783884345345,-100,-1,0.0,6,rug_no_data,solana,meteora
CmqmGM1yL8aoUJPb3ShLzNuddjbAUHY8,simply buy,SNIPER_SMART_COPY_AGE5,1783884004583,1783884346303,-100,-1,0.0,6,rug_no_data,solana,meteora
CmqmGM1yL8aoUJPb3ShLzNuddjbAUHY8,simply buy,SNIPER_SMART_CLUSTER,1783884003778,1783884347010,-100,-1,0.0,6,rug_no_data,solana,meteora
CmqmGM1yL8aoUJPb3ShLzNuddjbAUHY8,simply buy,SNIPER_SMART_COPY_TOP,1783884003006,1783884347756,-100,-1,0.0,6,rug_no_data,solana,meteora
CmqmGM1yL8aoUJPb3ShLzNuddjbAUHY8,simply buy,SNIPER_SMART_COPY,1783884002132,1783884348495,-100,-1,0.0,6,rug_no_data,solana,meteora
CmqmGM1yL8aoUJPb3ShLzNuddjbAUHY8,simply buy,SNIPER_LOWCAP,1783884001216,1783884349204,-100,-200,0.0,6,rug_no_data,solana,meteora
CmqmGM1yL8aoUJPb3ShLzNuddjbAUHY8,simply buy,SNIPER_H2,1783884000376,1783884350001,-100,-200,0.0,6,rug_no_data,solana,meteora
CmqmGM1yL8aoUJPb3ShLzNuddjbAUHY8,simply buy,SNIPER_H,1783883999624,1783884350732,-100,-200,0.0,6,rug_no_data,solana,meteora
CmqmGM1yL8aoUJPb3ShLzNuddjbAUHY8,simply buy,SNIPER_B,1783883998929,1783884351415,-100,-200,0.0,6,rug_no_data,solana,meteora
CmqmGM1yL8aoUJPb3ShLzNuddjbAUHY8,simply buy,SNIPER_A,1783883998129,1783884352124,-100,-200,0.0,6,rug_no_data,solana,meteora
Gjb853WX9xWM3cXbvecG6GqyjmqpfNsd,simply buy,SNIPER_SMART_TOP_AGE5,1783883992858,1783884352811,-100,-1,4.0,6,rug_no_data,solana,meteora
Gjb853WX9xWM3cXbvecG6GqyjmqpfNsd,simply buy,SNIPER_SMART_COPY_AGE5,1783883992032,1783884353715,-100,-1,4.0,6,rug_no_data,solana,meteora
Gjb853WX9xWM3cXbvecG6GqyjmqpfNsd,simply buy,SNIPER_SMART_COPY_TOP,1783883991361,1783884354534,-100,-1,4.0,6,rug_no_data,solana,meteora
Gjb853WX9xWM3cXbvecG6GqyjmqpfNsd,simply buy,SNIPER_SMART_COPY,1783883990667,1783884355236,-100,-1,4.0,6,rug_no_data,solana,meteora
Gjb853WX9xWM3cXbvecG6GqyjmqpfNsd,simply buy,SNIPER_LOWCAP,1783883989976,1783884355934,-100,-200,3.1,6,rug_no_data,solana,meteora
Gjb853WX9xWM3cXbvecG6GqyjmqpfNsd,simply buy,SNIPER_H2,1783883989295,1783884356677,-100,-100,3.6,6,rug_no_data,solana,meteora
Gjb853WX9xWM3cXbvecG6GqyjmqpfNsd,simply buy,SNIPER_B,1783883988629,1783884357394,-100,-100,3.6,6,rug_no_data,solana,meteora
Gjb853WX9xWM3cXbvecG6GqyjmqpfNsd,simply buy,SNIPER_A,1783883987910,1783884358217,-100,-100,3.6,6,rug_no_data,solana,meteora
0xd8195e566912699b29bfc2ffe93b8f,HCIRC,SNIPER_B,1783884202563,1783884488347,-100,-200,4.0,5,rug_no_data,bsc,pancakeswap
0xd8195e566912699b29bfc2ffe93b8f,HCIRC,SNIPER_A,1783884201795,1783884489336,-100,-200,4.0,5,rug_no_data,bsc,pancakeswap
BqiLYvNptGngDhgnb9Mj7kPERdRtsgRW,WORLDCUP,SNIPER_H2,1783883823089,1783884490004,-10,-10.04,0.0,11,early_exit_ratio_99,solana,pumpswap
BqiLYvNptGngDhgnb9Mj7kPERdRtsgRW,WORLDCUP,SNIPER_H,1783883822388,1783884490781,-10,-10.04,0.0,11,early_exit_ratio_99,solana,pumpswap
BqiLYvNptGngDhgnb9Mj7kPERdRtsgRW,WORLDCUP,SNIPER_B,1783883821692,1783884491459,-10,-10.04,0.0,11,early_exit_ratio_99,solana,pumpswap
DGB91wXcbPusL8E2VvtEFkcCCLDAtmie,VORF,SNIPER_SMART_TOP_AGE5,1783883464210,1783884492151,54,0.54,68.3,17,paper_SNIPER_SMART_TOP_AGE5_trail,solana,pumpswap
DGB91wXcbPusL8E2VvtEFkcCCLDAtmie,VORF,SNIPER_SMART_COPY_AGE5,1783883463478,1783884493067,54,0.54,68.3,17,paper_SNIPER_SMART_COPY_AGE5_trail,solana,pumpswap
DGB91wXcbPusL8E2VvtEFkcCCLDAtmie,VORF,SNIPER_SMART_COPY_TOP,1783883462830,1783884493819,54,0.54,68.3,17,paper_SNIPER_SMART_COPY_TOP_trail,solana,pumpswap
DGB91wXcbPusL8E2VvtEFkcCCLDAtmie,VORF,SNIPER_SMART_COPY,1783883462150,1783884494508,54,0.54,68.3,17,paper_SNIPER_SMART_COPY_trail,solana,pumpswap
DGB91wXcbPusL8E2VvtEFkcCCLDAtmie,VORF,SNIPER_H2,1783883461439,1783884495234,49.9,49.91,65.9,17,tight_trail,solana,pumpswap
DGB91wXcbPusL8E2VvtEFkcCCLDAtmie,VORF,SNIPER_H,1783883460755,1783884495970,49.9,49.91,65.9,17,tight_trail,solana,pumpswap
DGB91wXcbPusL8E2VvtEFkcCCLDAtmie,VORF,SNIPER_B,1783883460050,1783884496679,49.9,49.91,65.9,17,tight_trail,solana,pumpswap
DGB91wXcbPusL8E2VvtEFkcCCLDAtmie,VORF,SNIPER_A,1783883459307,1783884497460,49.9,49.91,65.9,17,tight_trail,solana,pumpswap
BPP4yd7irKkVbvvGWwRotLoWoHiWM749,BALLERINA,SNIPER_SMART_TOP_AGE5,1783884711190,1783885070309,-22.2,-0.22,2.3,6,sl,solana,meteora
BPP4yd7irKkVbvvGWwRotLoWoHiWM749,BALLERINA,SNIPER_SMART_COPY_AGE5,1783884710529,1783885071286,-22.2,-0.22,2.3,6,sl,solana,meteora
BPP4yd7irKkVbvvGWwRotLoWoHiWM749,BALLERINA,SNIPER_SMART_COPY_TOP,1783884709875,1783885071960,-22.2,-0.22,2.3,6,sl,solana,meteora
BPP4yd7irKkVbvvGWwRotLoWoHiWM749,BALLERINA,SNIPER_SMART_COPY,1783884709214,1783885072626,-22.2,-0.22,2.3,6,sl,solana,meteora
BPP4yd7irKkVbvvGWwRotLoWoHiWM749,BALLERINA,SNIPER_LOWCAP,1783884708553,1783885073291,-23.4,-46.74,1.6,6,sl,solana,meteora
BPP4yd7irKkVbvvGWwRotLoWoHiWM749,BALLERINA,SNIPER_LATE,1783884707808,1783885073969,-23.9,-71.8,1.3,6,sl,solana,meteora
BPP4yd7irKkVbvvGWwRotLoWoHiWM749,BALLERINA,SNIPER_H2,1783884707141,1783885074805,-23.4,-46.74,1.6,6,sl,solana,meteora
BPP4yd7irKkVbvvGWwRotLoWoHiWM749,BALLERINA,SNIPER_H,1783884706440,1783885075475,-23.4,-46.74,1.6,6,sl,solana,meteora
BPP4yd7irKkVbvvGWwRotLoWoHiWM749,BALLERINA,SNIPER_F2,1783884705780,1783885076130,-23.4,-46.74,1.6,6,sl,solana,meteora
BPP4yd7irKkVbvvGWwRotLoWoHiWM749,BALLERINA,SNIPER_F,1783884705132,1783885076836,-23.4,-46.74,1.6,6,sl,solana,meteora
BPP4yd7irKkVbvvGWwRotLoWoHiWM749,BALLERINA,SNIPER_D2,1783884704496,1783885077552,-23.4,-46.74,1.6,6,sl,solana,meteora
BPP4yd7irKkVbvvGWwRotLoWoHiWM749,BALLERINA,SNIPER_D,1783884703855,1783885078256,-23.4,-46.74,1.6,6,sl,solana,meteora
BPP4yd7irKkVbvvGWwRotLoWoHiWM749,BALLERINA,SNIPER_B,1783884703232,1783885079012,-23.4,-46.74,1.6,6,sl,solana,meteora
BPP4yd7irKkVbvvGWwRotLoWoHiWM749,BALLERINA,SNIPER_A,1783884702527,1783885079670,-23.4,-46.74,1.6,6,sl,solana,meteora
DgeRycFiKvfFk3XTYnTpLfSsjtGscj8r,win,SNIPER_SMART_TOP_AGE5,1783885348252,1783885390319,-100,-1,0.0,1,rug_no_data,solana,meteora
DgeRycFiKvfFk3XTYnTpLfSsjtGscj8r,win,SNIPER_SMART_COPY_AGE5,1783885347483,1783885391242,-100,-1,0.0,1,rug_no_data,solana,meteora
DgeRycFiKvfFk3XTYnTpLfSsjtGscj8r,win,SNIPER_SMART_COPY_TOP,1783885346806,1783885391927,-100,-1,0.0,1,rug_no_data,solana,meteora
DgeRycFiKvfFk3XTYnTpLfSsjtGscj8r,win,SNIPER_SMART_COPY,1783885346142,1783885392604,-100,-1,0.0,1,rug_no_data,solana,meteora
DgeRycFiKvfFk3XTYnTpLfSsjtGscj8r,win,SNIPER_LATE,1783885345460,1783885393308,-100,-300,0.0,1,rug_no_data,solana,meteora
DgeRycFiKvfFk3XTYnTpLfSsjtGscj8r,win,SNIPER_H2,1783885344789,1783885393977,-100,-200,0.0,1,rug_no_data,solana,meteora
DgeRycFiKvfFk3XTYnTpLfSsjtGscj8r,win,SNIPER_H,1783885344136,1783885394661,-100,-200,0.0,1,rug_no_data,solana,meteora
DgeRycFiKvfFk3XTYnTpLfSsjtGscj8r,win,SNIPER_A,1783885343376,1783885395444,-100,-200,0.0,1,rug_no_data,solana,meteora
BqiLYvNptGngDhgnb9Mj7kPERdRtsgRW,WORLDCUP,SNIPER_SMART_TOP_AGE5,1783883825843,1783885991629,61.8,0.62,82.6,36,paper_SNIPER_SMART_TOP_AGE5_trail,solana,pumpswap
BqiLYvNptGngDhgnb9Mj7kPERdRtsgRW,WORLDCUP,SNIPER_SMART_COPY_AGE5,1783883825092,1783885992576,61.8,0.62,82.6,36,paper_SNIPER_SMART_COPY_AGE5_trail,solana,pumpswap
BqiLYvNptGngDhgnb9Mj7kPERdRtsgRW,WORLDCUP,SNIPER_SMART_COPY_TOP,1783883824433,1783885993310,61.8,0.62,82.6,36,paper_SNIPER_SMART_COPY_TOP_trail,solana,pumpswap
BqiLYvNptGngDhgnb9Mj7kPERdRtsgRW,WORLDCUP,SNIPER_SMART_COPY,1783883823765,1783885994041,61.8,0.62,82.6,36,paper_SNIPER_SMART_COPY_trail,solana,pumpswap
BqiLYvNptGngDhgnb9Mj7kPERdRtsgRW,WORLDCUP,SNIPER_A,1783883820862,1783885994756,57.3,57.29,79.8,36,tight_trail,solana,pumpswap
4FnfA3o3Khq4zRTRBXtZsu6J8TuFDtzg,PUMPCAT,SNIPER_SMART_TOP_AGE5,1783885730060,1783886287123,2.5,0.02,39.6,9,paper_SNIPER_SMART_TOP_AGE5_trail,solana,meteora
4FnfA3o3Khq4zRTRBXtZsu6J8TuFDtzg,PUMPCAT,SNIPER_SMART_COPY_AGE5,1783885729501,1783886288053,2.5,0.02,39.6,9,paper_SNIPER_SMART_COPY_AGE5_trail,solana,meteora
4FnfA3o3Khq4zRTRBXtZsu6J8TuFDtzg,PUMPCAT,SNIPER_SMART_COPY_TOP,1783885728727,1783886288767,2.5,0.02,39.6,9,paper_SNIPER_SMART_COPY_TOP_trail,solana,meteora
4FnfA3o3Khq4zRTRBXtZsu6J8TuFDtzg,PUMPCAT,SNIPER_SMART_COPY,1783885728080,1783886289455,2.5,0.02,39.6,9,paper_SNIPER_SMART_COPY_trail,solana,meteora
4FnfA3o3Khq4zRTRBXtZsu6J8TuFDtzg,PUMPCAT,SNIPER_VOL_VEL,1783885727378,1783886290171,2.5,0.02,39.6,9,paper_SNIPER_VOL_VEL_trail,solana,meteora
4FnfA3o3Khq4zRTRBXtZsu6J8TuFDtzg,PUMPCAT,SNIPER_LATE,1783885726451,1783886290892,0.8,2.43,38.4,9,tight_trail,solana,meteora
4FnfA3o3Khq4zRTRBXtZsu6J8TuFDtzg,PUMPCAT,SNIPER_H2,1783885725760,1783886291677,1.9,1.94,39.2,9,tight_trail,solana,meteora
4FnfA3o3Khq4zRTRBXtZsu6J8TuFDtzg,PUMPCAT,SNIPER_H,1783885725116,1783886292370,1.9,1.94,39.2,9,tight_trail,solana,meteora
4FnfA3o3Khq4zRTRBXtZsu6J8TuFDtzg,PUMPCAT,SNIPER_B,1783885724472,1783886293084,1.9,1.94,39.2,9,tight_trail,solana,meteora
4FnfA3o3Khq4zRTRBXtZsu6J8TuFDtzg,PUMPCAT,SNIPER_A,1783885723712,1783886293780,1.9,1.94,39.2,10,tight_trail,solana,meteora
5u4jDF8SmzqaG9rDNVL8uAzNUNsdR7WY,ASTR,SNIPER_ULTRA_TRIPLE,1783886161817,1783886417362,-2.3,-0.02,18.4,4,paper_SNIPER_ULTRA_TRIPLE_trail,solana,pumpswap
5u4jDF8SmzqaG9rDNVL8uAzNUNsdR7WY,ASTR,SNIPER_VOL_VEL,1783886161082,1783886418401,-2.3,-0.02,18.4,4,paper_SNIPER_VOL_VEL_trail,solana,pumpswap
5u4jDF8SmzqaG9rDNVL8uAzNUNsdR7WY,ASTR,SNIPER_MC_LIQ,1783886160406,1783886419104,-2.3,-0.02,18.4,4,paper_SNIPER_MC_LIQ_trail,solana,pumpswap
5u4jDF8SmzqaG9rDNVL8uAzNUNsdR7WY,ASTR,SNIPER_LATE,1783886159731,1783886419797,-4.8,-14.37,16.9,4,wide_trail,solana,pumpswap
5u4jDF8SmzqaG9rDNVL8uAzNUNsdR7WY,ASTR,SNIPER_H,1783886159032,1783886420481,-3.1,-3.13,17.9,4,wide_trail,solana,pumpswap
5u4jDF8SmzqaG9rDNVL8uAzNUNsdR7WY,ASTR,SNIPER_B,1783886158360,1783886421158,-3.1,-3.13,17.9,4,wide_trail,solana,pumpswap
5u4jDF8SmzqaG9rDNVL8uAzNUNsdR7WY,ASTR,SNIPER_A,1783886157551,1783886422007,-3.1,-3.13,17.9,4,wide_trail,solana,pumpswap
FA2maDku8wxebGyiUrm7MpLagUomdJBj,ASTR,SNIPER_TIER_100_200_BANG,1783885979760,1783887012470,30.5,0.31,365.3,17,ride_exit_365%,solana,meteora
FA2maDku8wxebGyiUrm7MpLagUomdJBj,ASTR,SNIPER_SMART_TOP_AGE5,1783885979058,1783887013342,30.5,0.31,365.3,17,ride_exit_365%,solana,meteora
FA2maDku8wxebGyiUrm7MpLagUomdJBj,ASTR,SNIPER_SMART_COPY_AGE5,1783885978346,1783887013972,30.5,0.31,365.3,17,ride_exit_365%,solana,meteora
FA2maDku8wxebGyiUrm7MpLagUomdJBj,ASTR,SNIPER_SMART_COPY_TOP,1783885977690,1783887014703,30.5,0.31,365.3,17,ride_exit_365%,solana,meteora
FA2maDku8wxebGyiUrm7MpLagUomdJBj,ASTR,SNIPER_SMART_COPY,1783885977019,1783887015430,30.5,0.31,365.3,17,ride_exit_365%,solana,meteora
FA2maDku8wxebGyiUrm7MpLagUomdJBj,ASTR,SNIPER_B,1783885976352,1783887016155,29.4,29.38,363.1,17,ride_exit_363%,solana,meteora
FA2maDku8wxebGyiUrm7MpLagUomdJBj,ASTR,SNIPER_A,1783885975598,1783887016890,29.4,29.38,363.1,17,ride_exit_363%,solana,meteora
5E7mZoby8SgtUMhLDUKfp1JfqPYMEbBQ,Bobby,SNIPER_SMART_TOP_AGE5,1783886670325,1783887309014,-100,-1,1.1,11,rug_no_data,solana,meteora
5E7mZoby8SgtUMhLDUKfp1JfqPYMEbBQ,Bobby,SNIPER_SMART_COPY_AGE5,1783886669657,1783887310056,-100,-1,1.1,11,rug_no_data,solana,meteora
5E7mZoby8SgtUMhLDUKfp1JfqPYMEbBQ,Bobby,SNIPER_SMART_COPY_TOP,1783886668950,1783887310700,-100,-1,1.1,11,rug_no_data,solana,meteora
5E7mZoby8SgtUMhLDUKfp1JfqPYMEbBQ,Bobby,SNIPER_SMART_COPY,1783886668276,1783887311388,-100,-1,1.1,11,rug_no_data,solana,meteora
5E7mZoby8SgtUMhLDUKfp1JfqPYMEbBQ,Bobby,SNIPER_H2,1783886667587,1783887312482,-100,-100,0.7,11,rug_no_data,solana,meteora
5E7mZoby8SgtUMhLDUKfp1JfqPYMEbBQ,Bobby,SNIPER_A,1783886666798,1783887314085,-100,-100,0.7,11,rug_no_data,solana,meteora
0xc1684eccf40f38ea71a73f1e07175d,VNOVA,SNIPER_B,1783886990851,1783887624532,-100,-100,7.1,11,rug_no_data,bsc,pancakeswap
0xc1684eccf40f38ea71a73f1e07175d,VNOVA,SNIPER_A,1783886990071,1783887625500,-100,-100,7.1,11,rug_no_data,bsc,pancakeswap
FqrdM3M2LoJdv2sCmxZjnL9zWrNaAuAX,CASHPIGGY,SNIPER_SMART_TOP_AGE5,1783886734049,1783887626226,20.5,0.21,263.7,15,ride_exit_264%,solana,meteora
FqrdM3M2LoJdv2sCmxZjnL9zWrNaAuAX,CASHPIGGY,SNIPER_SMART_COPY_AGE5,1783886733357,1783887627160,20.5,0.21,263.7,15,ride_exit_264%,solana,meteora
FqrdM3M2LoJdv2sCmxZjnL9zWrNaAuAX,CASHPIGGY,SNIPER_SMART_COPY_TOP,1783886732664,1783887627878,20.5,0.21,263.7,15,ride_exit_264%,solana,meteora
FqrdM3M2LoJdv2sCmxZjnL9zWrNaAuAX,CASHPIGGY,SNIPER_SMART_COPY,1783886731968,1783887628639,20.5,0.21,263.7,15,ride_exit_264%,solana,meteora
FqrdM3M2LoJdv2sCmxZjnL9zWrNaAuAX,CASHPIGGY,SNIPER_VOL_VEL,1783886731288,1783887629477,20.5,0.21,263.7,15,ride_exit_264%,solana,meteora
FqrdM3M2LoJdv2sCmxZjnL9zWrNaAuAX,CASHPIGGY,SNIPER_LOWCAP,1783886730586,1783887630240,18.2,36.38,260.0,15,ride_exit_260%,solana,meteora
FqrdM3M2LoJdv2sCmxZjnL9zWrNaAuAX,CASHPIGGY,SNIPER_B,1783886729880,1783887630982,19.4,19.36,261.8,15,ride_exit_262%,solana,meteora
FqrdM3M2LoJdv2sCmxZjnL9zWrNaAuAX,CASHPIGGY,SNIPER_A,1783886729129,1783887631731,19.4,19.36,261.8,15,ride_exit_262%,solana,meteora
AeG1tRpNqxopALRLdV7tyZQP3M3Jx1XE,spaceballs,SNIPER_SMART_TOP_AGE5,1783887961068,1783888149140,-100,-1,0.0,3,rug_no_data,solana,meteora
AeG1tRpNqxopALRLdV7tyZQP3M3Jx1XE,spaceballs,SNIPER_SMART_COPY_AGE5,1783887960359,1783888149987,-100,-1,0.0,3,rug_no_data,solana,meteora
AeG1tRpNqxopALRLdV7tyZQP3M3Jx1XE,spaceballs,SNIPER_SMART_CLUSTER,1783887959641,1783888150689,-100,-1,0.0,3,rug_no_data,solana,meteora
AeG1tRpNqxopALRLdV7tyZQP3M3Jx1XE,spaceballs,SNIPER_SMART_COPY_TOP,1783887958935,1783888151407,-100,-1,0.0,3,rug_no_data,solana,meteora
AeG1tRpNqxopALRLdV7tyZQP3M3Jx1XE,spaceballs,SNIPER_SMART_COPY,1783887958254,1783888152135,-100,-1,0.0,3,rug_no_data,solana,meteora
AeG1tRpNqxopALRLdV7tyZQP3M3Jx1XE,spaceballs,SNIPER_LATE,1783887957598,1783888152838,-100,-300,0.0,3,rug_no_data,solana,meteora
AeG1tRpNqxopALRLdV7tyZQP3M3Jx1XE,spaceballs,SNIPER_H2,1783887956911,1783888153546,-100,-200,0.0,3,rug_no_data,solana,meteora
AeG1tRpNqxopALRLdV7tyZQP3M3Jx1XE,spaceballs,SNIPER_H,1783887956247,1783888154251,-100,-200,0.0,3,rug_no_data,solana,meteora
AeG1tRpNqxopALRLdV7tyZQP3M3Jx1XE,spaceballs,SNIPER_A,1783887955496,1783888154981,-100,-200,0.0,3,rug_no_data,solana,meteora
HFtawr9z2sDL594SB5NN466ekZ13rUuw,MILLY,SNIPER_SMART_COPY_AGE5,1783888277377,1783888688344,22.2,0.33,118.7,7,paper_SNIPER_SMART_COPY_AGE5_trail,solana,pumpswap
HFtawr9z2sDL594SB5NN466ekZ13rUuw,MILLY,SNIPER_SMART_COPY,1783888276689,1783888689243,22.2,0.33,118.7,7,paper_SNIPER_SMART_COPY_trail,solana,pumpswap
HFtawr9z2sDL594SB5NN466ekZ13rUuw,MILLY,SNIPER_G,1783888275999,1783888689870,18.4,27.63,115.2,7,medium_trail,solana,pumpswap
HFtawr9z2sDL594SB5NN466ekZ13rUuw,MILLY,SNIPER_D2,1783888275261,1783888690621,18.4,27.63,115.2,7,medium_trail,solana,pumpswap
HFtawr9z2sDL594SB5NN466ekZ13rUuw,MILLY,SNIPER_D,1783888274584,1783888691322,18.4,27.63,115.2,7,medium_trail,solana,pumpswap
HFtawr9z2sDL594SB5NN466ekZ13rUuw,MILLY,SNIPER_B,1783888273880,1783888692009,18.4,27.63,115.2,7,medium_trail,solana,pumpswap
HFtawr9z2sDL594SB5NN466ekZ13rUuw,MILLY,SNIPER_A,1783888273141,1783888692713,18.4,27.63,115.2,7,medium_trail,solana,pumpswap
9RCbpUgZZz9zkjc68sT8LjM58yXgiRBG,spaceballs,SNIPER_SMART_TOP_AGE5,1783888128492,1783888693430,-100,-1,18.3,9,rug_no_data,solana,meteora
9RCbpUgZZz9zkjc68sT8LjM58yXgiRBG,spaceballs,SNIPER_SMART_COPY_AGE5,1783888127800,1783888694319,-100,-1,18.3,9,rug_no_data,solana,meteora
9RCbpUgZZz9zkjc68sT8LjM58yXgiRBG,spaceballs,SNIPER_SMART_COPY_TOP,1783888127129,1783888694990,-100,-1,18.3,9,rug_no_data,solana,meteora
9RCbpUgZZz9zkjc68sT8LjM58yXgiRBG,spaceballs,SNIPER_SMART_COPY,1783888126463,1783888695689,-100,-1,18.3,9,rug_no_data,solana,meteora
9RCbpUgZZz9zkjc68sT8LjM58yXgiRBG,spaceballs,SNIPER_LATE,1783888125803,1783888696368,-100,-300,16.8,10,rug_no_data,solana,meteora
9RCbpUgZZz9zkjc68sT8LjM58yXgiRBG,spaceballs,SNIPER_H2,1783888125128,1783888697105,-100,-200,17.3,10,rug_no_data,solana,meteora
9RCbpUgZZz9zkjc68sT8LjM58yXgiRBG,spaceballs,SNIPER_H,1783888124446,1783888697845,-100,-200,17.3,10,rug_no_data,solana,meteora
9RCbpUgZZz9zkjc68sT8LjM58yXgiRBG,spaceballs,SNIPER_B,1783888123791,1783888698530,-100,-200,17.3,10,rug_no_data,solana,meteora
9RCbpUgZZz9zkjc68sT8LjM58yXgiRBG,spaceballs,SNIPER_A,1783888123067,1783888699207,-100,-200,17.3,10,rug_no_data,solana,meteora
AMgypAvGwKaYMh4pwMwdXSugzmm4Maj6,DINGUS,SNIPER_SMART_TOP_AGE5,1783888677718,1783888976141,-100,-1,0.0,5,rug_no_data,solana,meteora
AMgypAvGwKaYMh4pwMwdXSugzmm4Maj6,DINGUS,SNIPER_SMART_COPY_AGE5,1783888676983,1783888977104,-100,-1,0.0,5,rug_no_data,solana,meteora
AMgypAvGwKaYMh4pwMwdXSugzmm4Maj6,DINGUS,SNIPER_SMART_COPY_TOP,1783888676311,1783888977794,-100,-1,0.0,5,rug_no_data,solana,meteora
AMgypAvGwKaYMh4pwMwdXSugzmm4Maj6,DINGUS,SNIPER_SMART_COPY,1783888675619,1783888978513,-100,-1,0.0,5,rug_no_data,solana,meteora
AMgypAvGwKaYMh4pwMwdXSugzmm4Maj6,DINGUS,SNIPER_LATE,1783888674956,1783888979189,-100,-300,0.0,5,rug_no_data,solana,meteora
AMgypAvGwKaYMh4pwMwdXSugzmm4Maj6,DINGUS,SNIPER_H2,1783888674298,1783888979842,-100,-100,0.0,5,rug_no_data,solana,meteora
AMgypAvGwKaYMh4pwMwdXSugzmm4Maj6,DINGUS,SNIPER_H,1783888673643,1783888980707,-100,-100,0.0,5,rug_no_data,solana,meteora
AMgypAvGwKaYMh4pwMwdXSugzmm4Maj6,DINGUS,SNIPER_A,1783888672897,1783888981389,-100,-100,0.0,5,rug_no_data,solana,meteora
H887koQiunTZ4CBRi7V8etxZkkNghhVU,MILLY,SNIPER_SMART_TOP_AGE5,1783889240739,1783889892262,-24.4,-0.24,11.8,11,sl,solana,meteora
H887koQiunTZ4CBRi7V8etxZkkNghhVU,MILLY,SNIPER_SMART_COPY_AGE5,1783889239961,1783889893175,-24.4,-0.24,11.8,11,sl,solana,meteora
H887koQiunTZ4CBRi7V8etxZkkNghhVU,MILLY,SNIPER_SMART_COPY_TOP,1783889239276,1783889893740,-24.4,-0.24,11.8,11,sl,solana,meteora
H887koQiunTZ4CBRi7V8etxZkkNghhVU,MILLY,SNIPER_SMART_COPY,1783889238594,1783889894308,-24.4,-0.24,11.8,11,sl,solana,meteora
H887koQiunTZ4CBRi7V8etxZkkNghhVU,MILLY,SNIPER_VOL_VEL,1783889237931,1783889894887,-24.4,-0.24,11.8,11,sl,solana,meteora
H887koQiunTZ4CBRi7V8etxZkkNghhVU,MILLY,SNIPER_LATE,1783889237257,1783889895505,-25.6,-76.89,1.1,11,sl,solana,meteora
H887koQiunTZ4CBRi7V8etxZkkNghhVU,MILLY,SNIPER_H2,1783889236597,1783889896202,-24.8,-24.78,1.7,11,sl,solana,meteora
H887koQiunTZ4CBRi7V8etxZkkNghhVU,MILLY,SNIPER_H,1783889235959,1783889896862,-24.8,-24.78,1.7,11,sl,solana,meteora
H887koQiunTZ4CBRi7V8etxZkkNghhVU,MILLY,SNIPER_B,1783889235292,1783889897422,-24.8,-24.78,1.7,11,sl,solana,meteora
H887koQiunTZ4CBRi7V8etxZkkNghhVU,MILLY,SNIPER_A,1783889234539,1783889897966,-24.8,-24.78,1.7,11,sl,solana,meteora
7NWz3W5AsM8g4Ng557p3z486YwN2Gdns,MILLY,SNIPER_SMART_TOP_AGE5,1783889885009,1783890205741,-17.1,-0.17,2.1,5,sl,solana,meteora
7NWz3W5AsM8g4Ng557p3z486YwN2Gdns,MILLY,SNIPER_SMART_COPY_AGE5,1783889884469,1783890206742,-17.1,-0.17,2.1,5,sl,solana,meteora
7NWz3W5AsM8g4Ng557p3z486YwN2Gdns,MILLY,SNIPER_SMART_COPY_TOP,1783889883890,1783890207428,-17.1,-0.17,2.1,5,sl,solana,meteora
7NWz3W5AsM8g4Ng557p3z486YwN2Gdns,MILLY,SNIPER_SMART_COPY,1783889883311,1783890208089,-17.1,-0.17,2.1,5,sl,solana,meteora
7NWz3W5AsM8g4Ng557p3z486YwN2Gdns,MILLY,SNIPER_MC_LIQ,1783889882529,1783890208755,-17.1,-0.17,2.1,5,sl,solana,meteora
7NWz3W5AsM8g4Ng557p3z486YwN2Gdns,MILLY,SNIPER_LATE,1783889881513,1783890209422,-18.3,-54.77,1.4,5,sl,solana,meteora
7NWz3W5AsM8g4Ng557p3z486YwN2Gdns,MILLY,SNIPER_H2,1783889880806,1783890210236,-17.9,-35.77,1.6,5,sl,solana,meteora
7NWz3W5AsM8g4Ng557p3z486YwN2Gdns,MILLY,SNIPER_H,1783889880088,1783890210918,-17.9,-35.77,1.6,6,sl,solana,meteora
7NWz3W5AsM8g4Ng557p3z486YwN2Gdns,MILLY,SNIPER_B,1783889879444,1783890211617,-17.9,-35.77,1.6,6,sl,solana,meteora
7NWz3W5AsM8g4Ng557p3z486YwN2Gdns,MILLY,SNIPER_A,1783889878735,1783890212290,-17.9,-35.77,1.6,6,sl,solana,meteora
Czo8W313qkR4K4MAyfyRLyGi1TgYVEkE,ORE,SNIPER_MC_LIQ,1783889248072,1783890212976,19.9,0.2,26.3,16,paper_SNIPER_MC_LIQ_trail,solana,pumpswap
Czo8W313qkR4K4MAyfyRLyGi1TgYVEkE,ORE,SNIPER_H2,1783889247270,1783890213819,14.3,28.53,23.2,16,tight_trail,solana,pumpswap
Czo8W313qkR4K4MAyfyRLyGi1TgYVEkE,ORE,SNIPER_H,1783889246596,1783890214411,14.3,28.53,23.2,16,tight_trail,solana,pumpswap
Czo8W313qkR4K4MAyfyRLyGi1TgYVEkE,ORE,SNIPER_B,1783889245916,1783890215036,14.3,28.53,23.2,16,tight_trail,solana,pumpswap
Czo8W313qkR4K4MAyfyRLyGi1TgYVEkE,ORE,SNIPER_A,1783889245192,1783890215707,14.3,28.53,23.2,16,tight_trail,solana,pumpswap
HJyHqAfMUNNPumnSWxVqZT2orFTCco88,inst,SNIPER_SMART_COPY_TOP,1783890119001,1783890480318,-100,-1,0.0,6,rug_no_data,solana,meteora
HJyHqAfMUNNPumnSWxVqZT2orFTCco88,inst,SNIPER_SMART_COPY,1783890118347,1783890481266,-100,-1,0.0,6,rug_no_data,solana,meteora
HJyHqAfMUNNPumnSWxVqZT2orFTCco88,inst,SNIPER_B,1783890117725,1783890481959,-100,-100,0.0,6,rug_no_data,solana,meteora
HJyHqAfMUNNPumnSWxVqZT2orFTCco88,inst,SNIPER_A,1783890117025,1783890482650,-100,-100,0.0,6,rug_no_data,solana,meteora
qP78Hb9D4mgguN4xigafxhxbk2U6RdP2,ElonRWA,SNIPER_SMART_TOP_AGE5,1783890969965,1783891302883,-100,-1,0.0,6,rug_no_data,solana,meteora
qP78Hb9D4mgguN4xigafxhxbk2U6RdP2,ElonRWA,SNIPER_SMART_COPY_AGE5,1783890969302,1783891303762,-100,-1,0.0,6,rug_no_data,solana,meteora
qP78Hb9D4mgguN4xigafxhxbk2U6RdP2,ElonRWA,SNIPER_SMART_COPY_TOP,1783890968623,1783891304446,-100,-1,0.0,6,rug_no_data,solana,meteora
qP78Hb9D4mgguN4xigafxhxbk2U6RdP2,ElonRWA,SNIPER_SMART_COPY,1783890967980,1783891305093,-100,-1,0.0,6,rug_no_data,solana,meteora
qP78Hb9D4mgguN4xigafxhxbk2U6RdP2,ElonRWA,SNIPER_VOL_VEL,1783890967235,1783891305730,-100,-1,0.0,6,rug_no_data,solana,meteora
qP78Hb9D4mgguN4xigafxhxbk2U6RdP2,ElonRWA,SNIPER_LOWCAP,1783890966535,1783891306384,-100,-200,0.0,6,rug_no_data,solana,meteora
qP78Hb9D4mgguN4xigafxhxbk2U6RdP2,ElonRWA,SNIPER_LATE,1783890965889,1783891307150,-100,-300,0.0,6,rug_no_data,solana,meteora
qP78Hb9D4mgguN4xigafxhxbk2U6RdP2,ElonRWA,SNIPER_H2,1783890965222,1783891307817,-100,-200,0.0,6,rug_no_data,solana,meteora
qP78Hb9D4mgguN4xigafxhxbk2U6RdP2,ElonRWA,SNIPER_H,1783890964572,1783891308452,-100,-200,0.0,6,rug_no_data,solana,meteora
qP78Hb9D4mgguN4xigafxhxbk2U6RdP2,ElonRWA,SNIPER_B,1783890963930,1783891309110,-100,-200,0.0,6,rug_no_data,solana,meteora
qP78Hb9D4mgguN4xigafxhxbk2U6RdP2,ElonRWA,SNIPER_A,1783890963185,1783891309775,-100,-200,0.0,6,rug_no_data,solana,meteora
9hZPEKt9WC6wmVhiPhM4prm9guRgrnb6,hula,SNIPER_SMART_TOP_AGE5,1783892245093,1783892300122,-20.9,-0.21,0.0,1,sl,solana,meteora
9hZPEKt9WC6wmVhiPhM4prm9guRgrnb6,hula,SNIPER_SMART_COPY_AGE5,1783892244385,1783892301086,-20.9,-0.21,0.0,1,sl,solana,meteora
9hZPEKt9WC6wmVhiPhM4prm9guRgrnb6,hula,SNIPER_SMART_COPY_TOP,1783892243668,1783892301757,-20.9,-0.21,0.0,1,sl,solana,meteora
9hZPEKt9WC6wmVhiPhM4prm9guRgrnb6,hula,SNIPER_SMART_COPY,1783892242940,1783892302409,-20.9,-0.21,0.0,1,sl,solana,meteora
9hZPEKt9WC6wmVhiPhM4prm9guRgrnb6,hula,SNIPER_H2,1783892242247,1783892303091,-21.6,-43.27,0.0,1,sl,solana,meteora
9hZPEKt9WC6wmVhiPhM4prm9guRgrnb6,hula,SNIPER_H,1783892241567,1783892303763,-21.6,-43.27,0.0,1,sl,solana,meteora
9hZPEKt9WC6wmVhiPhM4prm9guRgrnb6,hula,SNIPER_B,1783892240901,1783892304620,-21.6,-43.27,0.0,1,sl,solana,meteora
9hZPEKt9WC6wmVhiPhM4prm9guRgrnb6,hula,SNIPER_A,1783892240157,1783892305319,-21.6,-43.27,0.0,1,sl,solana,meteora
GczjmS5dNMWwy1KVc81FW5Das212zwfx,Boycoin,SNIPER_MC_LIQ,1783892395400,1783892496078,-18.4,-0.18,0.0,2,sl,solana,pumpswap
GczjmS5dNMWwy1KVc81FW5Das212zwfx,Boycoin,SNIPER_G,1783892394693,1783892497031,-19.4,-19.44,0.0,2,sl,solana,pumpswap
GczjmS5dNMWwy1KVc81FW5Das212zwfx,Boycoin,SNIPER_E2,1783892394012,1783892497694,-19.4,-19.44,0.0,2,sl,solana,pumpswap
GczjmS5dNMWwy1KVc81FW5Das212zwfx,Boycoin,SNIPER_E,1783892393367,1783892498340,-19.4,-19.44,0.0,2,sl,solana,pumpswap
GczjmS5dNMWwy1KVc81FW5Das212zwfx,Boycoin,SNIPER_D2,1783892392669,1783892499055,-19.4,-19.44,0.0,2,sl,solana,pumpswap
GczjmS5dNMWwy1KVc81FW5Das212zwfx,Boycoin,SNIPER_D,1783892391994,1783892499735,-19.4,-19.44,0.0,2,sl,solana,pumpswap
GczjmS5dNMWwy1KVc81FW5Das212zwfx,Boycoin,SNIPER_B,1783892391330,1783892500537,-19.4,-19.44,0.0,2,sl,solana,pumpswap
GczjmS5dNMWwy1KVc81FW5Das212zwfx,Boycoin,SNIPER_A,1783892390594,1783892501228,-19.4,-19.44,0.0,2,sl,solana,pumpswap
0xcffe7c8a16dceceb434dee89296a7c,DORBT,SNIPER_B,1783892265096,1783892752756,22.1,44.16,10.8,8,early_exit_ratio_99,bsc,pancakeswap
0xcffe7c8a16dceceb434dee89296a7c,DORBT,SNIPER_A,1783892264254,1783893108365,-100,-200,33.4,14,rug_no_data,bsc,pancakeswap
3ffxGsWfFRTmBD8mc1wfqHiv8YWoa9W4,Bison,SNIPER_SMART_TOP_AGE5,1783893409359,1783893440505,-45.7,-0.46,0.0,1,sl,solana,meteora
3ffxGsWfFRTmBD8mc1wfqHiv8YWoa9W4,Bison,SNIPER_SMART_COPY_AGE5,1783893408703,1783893441430,-45.7,-0.46,0.0,1,sl,solana,meteora
3ffxGsWfFRTmBD8mc1wfqHiv8YWoa9W4,Bison,SNIPER_SMART_COPY_TOP,1783893408071,1783893442115,-45.7,-0.46,0.0,1,sl,solana,meteora
3ffxGsWfFRTmBD8mc1wfqHiv8YWoa9W4,Bison,SNIPER_SMART_COPY,1783893407351,1783893442796,-45.7,-0.46,0.0,1,sl,solana,meteora
3ffxGsWfFRTmBD8mc1wfqHiv8YWoa9W4,Bison,SNIPER_VOL_VEL,1783893406667,1783893443467,-45.7,-0.46,0.0,1,sl,solana,meteora
3ffxGsWfFRTmBD8mc1wfqHiv8YWoa9W4,Bison,SNIPER_LATE,1783893406015,1783893444135,-47.4,-142.06,0.0,1,sl,solana,meteora
3ffxGsWfFRTmBD8mc1wfqHiv8YWoa9W4,Bison,SNIPER_H2,1783893405360,1783893444929,-46.2,-46.23,0.0,1,sl,solana,meteora
3ffxGsWfFRTmBD8mc1wfqHiv8YWoa9W4,Bison,SNIPER_H,1783893404649,1783893445590,-46.2,-46.23,0.0,1,sl,solana,meteora
3ffxGsWfFRTmBD8mc1wfqHiv8YWoa9W4,Bison,SNIPER_B,1783893403987,1783893446255,-46.2,-46.23,0.0,1,sl,solana,meteora
3ffxGsWfFRTmBD8mc1wfqHiv8YWoa9W4,Bison,SNIPER_A,1783893403260,1783893446978,-46.2,-46.23,0.0,1,sl,solana,meteora
7DeuK5hzgrFnrq8grxG7Vy33F757fEzt,Truth,SNIPER_SMART_TOP_AGE5,1783894018035,1783894287845,-100,-1,8.3,4,rug_no_data,solana,meteora
7DeuK5hzgrFnrq8grxG7Vy33F757fEzt,Truth,SNIPER_SMART_COPY_AGE5,1783894017481,1783894288744,-100,-1,8.3,5,rug_no_data,solana,meteora
7DeuK5hzgrFnrq8grxG7Vy33F757fEzt,Truth,SNIPER_SMART_CLUSTER,1783894016725,1783894289444,-100,-1,8.3,5,rug_no_data,solana,meteora
7DeuK5hzgrFnrq8grxG7Vy33F757fEzt,Truth,SNIPER_SMART_COPY_TOP,1783894016066,1783894290128,-100,-1,8.3,5,rug_no_data,solana,meteora
7DeuK5hzgrFnrq8grxG7Vy33F757fEzt,Truth,SNIPER_SMART_COPY,1783894015387,1783894290823,-100,-1,8.3,5,rug_no_data,solana,meteora
7DeuK5hzgrFnrq8grxG7Vy33F757fEzt,Truth,SNIPER_LOWCAP,1783894014390,1783894291504,-100,-200,7.4,5,rug_no_data,solana,meteora
7DeuK5hzgrFnrq8grxG7Vy33F757fEzt,Truth,SNIPER_H2,1783894013702,1783894292268,-100,-200,7.4,5,rug_no_data,solana,meteora
7DeuK5hzgrFnrq8grxG7Vy33F757fEzt,Truth,SNIPER_H,1783894013027,1783894292941,-100,-200,7.4,5,rug_no_data,solana,meteora
7DeuK5hzgrFnrq8grxG7Vy33F757fEzt,Truth,SNIPER_B,1783894012378,1783894293588,-100,-200,7.4,5,rug_no_data,solana,meteora
7DeuK5hzgrFnrq8grxG7Vy33F757fEzt,Truth,SNIPER_A,1783894011634,1783894294258,-100,-200,7.4,5,rug_no_data,solana,meteora
7gYDZ3Pgw2mrF2kozLVHmhHQQYeU2VoU,Transcoin,SNIPER_ML_SCORER,1783894138979,1783894398447,5.9,0.06,16.4,4,paper_SNIPER_ML_SCORER_trail,solana,pumpswap
7gYDZ3Pgw2mrF2kozLVHmhHQQYeU2VoU,Transcoin,SNIPER_ML_RULE_A,1783894138200,1783894399410,5.9,0.06,16.4,4,paper_SNIPER_ML_RULE_A_trail,solana,pumpswap
7gYDZ3Pgw2mrF2kozLVHmhHQQYeU2VoU,Transcoin,SNIPER_ULTRA_TRIPLE,1783894137540,1783894400075,5.9,0.06,16.4,4,paper_SNIPER_ULTRA_TRIPLE_trail,solana,pumpswap
7gYDZ3Pgw2mrF2kozLVHmhHQQYeU2VoU,Transcoin,SNIPER_VOL_VEL,1783894136871,1783894400771,5.9,0.06,16.4,4,paper_SNIPER_VOL_VEL_trail,solana,pumpswap
7gYDZ3Pgw2mrF2kozLVHmhHQQYeU2VoU,Transcoin,SNIPER_MC_LIQ,1783894136151,1783894401430,5.9,0.06,16.4,4,paper_SNIPER_MC_LIQ_trail,solana,pumpswap
7gYDZ3Pgw2mrF2kozLVHmhHQQYeU2VoU,Transcoin,SNIPER_B,1783894134829,1783894402115,3.4,3.39,15.0,4,wide_trail,solana,pumpswap
7gYDZ3Pgw2mrF2kozLVHmhHQQYeU2VoU,Transcoin,SNIPER_A,1783894134076,1783894402845,3.4,3.39,15.0,4,wide_trail,solana,pumpswap
7gYDZ3Pgw2mrF2kozLVHmhHQQYeU2VoU,Transcoin,SNIPER_LOWCAP,1783894135475,1783894673290,-22.7,-45.49,13.7,9,sl,solana,pumpswap
8xjxyYov76NqDViHQYVEU3ED6RmeXmZf,Shikoku,SNIPER_SMART_TOP_AGE5,1783895180891,1783895507330,-100,-1,9.7,5,rug_no_data,solana,meteora
8xjxyYov76NqDViHQYVEU3ED6RmeXmZf,Shikoku,SNIPER_SMART_COPY_AGE5,1783895180087,1783895508245,-100,-1,9.7,5,rug_no_data,solana,meteora
8xjxyYov76NqDViHQYVEU3ED6RmeXmZf,Shikoku,SNIPER_SMART_COPY_TOP,1783895179368,1783895508898,-100,-1,9.7,5,rug_no_data,solana,meteora
8xjxyYov76NqDViHQYVEU3ED6RmeXmZf,Shikoku,SNIPER_SMART_COPY,1783895178666,1783895509568,-100,-1,9.7,6,rug_no_data,solana,meteora
8xjxyYov76NqDViHQYVEU3ED6RmeXmZf,Shikoku,SNIPER_VOL_VEL,1783895177961,1783895510245,-100,-1,9.7,6,rug_no_data,solana,meteora
8xjxyYov76NqDViHQYVEU3ED6RmeXmZf,Shikoku,SNIPER_LATE,1783895177253,1783895510933,-100,-300,8.2,6,rug_no_data,solana,meteora
8xjxyYov76NqDViHQYVEU3ED6RmeXmZf,Shikoku,SNIPER_H2,1783895176575,1783895511600,-100,-200,8.7,6,rug_no_data,solana,meteora
8xjxyYov76NqDViHQYVEU3ED6RmeXmZf,Shikoku,SNIPER_H,1783895175867,1783895512346,-100,-200,8.7,6,rug_no_data,solana,meteora
8xjxyYov76NqDViHQYVEU3ED6RmeXmZf,Shikoku,SNIPER_B,1783895175197,1783895513018,-100,-200,8.7,6,rug_no_data,solana,meteora
8xjxyYov76NqDViHQYVEU3ED6RmeXmZf,Shikoku,SNIPER_A,1783895174436,1783895513720,-100,-200,8.7,6,rug_no_data,solana,meteora
0xba0190599a6432f75888f4bafcaf30,WAR,SNIPER_H2,1783895491710,1783895848409,-100,-100,65.2,6,rug_no_data,bsc,pancakeswap
0xba0190599a6432f75888f4bafcaf30,WAR,SNIPER_H,1783895491056,1783895849352,-100,-100,65.2,6,rug_no_data,bsc,pancakeswap
0xba0190599a6432f75888f4bafcaf30,WAR,SNIPER_D2,1783895490408,1783895850005,-100,-100,65.2,6,rug_no_data,bsc,pancakeswap
0xba0190599a6432f75888f4bafcaf30,WAR,SNIPER_D,1783895489757,1783895850690,-100,-100,65.2,6,rug_no_data,bsc,pancakeswap
0xba0190599a6432f75888f4bafcaf30,WAR,SNIPER_B,1783895489093,1783895851411,-100,-100,65.2,6,rug_no_data,bsc,pancakeswap
0xba0190599a6432f75888f4bafcaf30,WAR,SNIPER_A,1783895488356,1783895852109,-100,-100,65.2,6,rug_no_data,bsc,pancakeswap
6DA1bHkbvsjDuAVFCwtvRagnQn9EUeF7,Boycoin,SNIPER_ULTRA_TRIPLE,1783894664546,1783895852822,-100,-1,153.0,20,rug_no_data,solana,pumpswap
6DA1bHkbvsjDuAVFCwtvRagnQn9EUeF7,Boycoin,SNIPER_VOL_VEL,1783894663877,1783895853677,-100,-1,153.0,20,rug_no_data,solana,pumpswap
6DA1bHkbvsjDuAVFCwtvRagnQn9EUeF7,Boycoin,SNIPER_MC_LIQ,1783894663179,1783895854326,-100,-1,153.0,20,rug_no_data,solana,pumpswap
6DA1bHkbvsjDuAVFCwtvRagnQn9EUeF7,Boycoin,SNIPER_H2,1783894662486,1783895854990,-100,-100,151.6,20,rug_no_data,solana,pumpswap
6DA1bHkbvsjDuAVFCwtvRagnQn9EUeF7,Boycoin,SNIPER_B,1783894661811,1783895855651,-100,-100,151.6,20,rug_no_data,solana,pumpswap
6DA1bHkbvsjDuAVFCwtvRagnQn9EUeF7,Boycoin,SNIPER_A,1783894661008,1783895856316,-100,-100,151.6,20,rug_no_data,solana,pumpswap
13wtsdgReAGFmghHtCmCJakZoAgvEVso,SOLANA,SNIPER_SMART_TOP_AGE5,1783896465195,1783896736425,-100,-1,0.8,5,rug_no_data,solana,meteora
13wtsdgReAGFmghHtCmCJakZoAgvEVso,SOLANA,SNIPER_SMART_COPY_AGE5,1783896464503,1783896737336,-100,-1,0.8,5,rug_no_data,solana,meteora
13wtsdgReAGFmghHtCmCJakZoAgvEVso,SOLANA,SNIPER_SMART_COPY_TOP,1783896463848,1783896738000,-100,-1,0.8,5,rug_no_data,solana,meteora
13wtsdgReAGFmghHtCmCJakZoAgvEVso,SOLANA,SNIPER_SMART_COPY,1783896463193,1783896738677,-100,-1,0.8,5,rug_no_data,solana,meteora
13wtsdgReAGFmghHtCmCJakZoAgvEVso,SOLANA,SNIPER_VOL_VEL,1783896462503,1783896739337,-100,-1,0.8,5,rug_no_data,solana,meteora
13wtsdgReAGFmghHtCmCJakZoAgvEVso,SOLANA,SNIPER_LOWCAP,1783896461787,1783896740010,-100,-200,0.0,5,rug_no_data,solana,meteora
13wtsdgReAGFmghHtCmCJakZoAgvEVso,SOLANA,SNIPER_LATE,1783896461103,1783896740783,-100,-300,0.0,5,rug_no_data,solana,meteora
13wtsdgReAGFmghHtCmCJakZoAgvEVso,SOLANA,SNIPER_H2,1783896460424,1783896741463,-100,-200,0.0,5,rug_no_data,solana,meteora
13wtsdgReAGFmghHtCmCJakZoAgvEVso,SOLANA,SNIPER_H,1783896459761,1783896742127,-100,-200,0.0,5,rug_no_data,solana,meteora
13wtsdgReAGFmghHtCmCJakZoAgvEVso,SOLANA,SNIPER_B,1783896459113,1783896742785,-100,-200,0.0,5,rug_no_data,solana,meteora
13wtsdgReAGFmghHtCmCJakZoAgvEVso,SOLANA,SNIPER_A,1783896458362,1783896743451,-100,-200,0.0,5,rug_no_data,solana,meteora
0x9667d598af6c44f3f8f0b94273db72,VEX,SNIPER_BSC_FILTERED,1783897172477,1783897179006,-100,-30,0.0,0,rug_no_data,bsc,pancakeswap
0x9667d598af6c44f3f8f0b94273db72,VEX,SNIPER_H,1783897171818,1783897179798,-100,-100,0.0,0,rug_no_data,bsc,pancakeswap
0x9667d598af6c44f3f8f0b94273db72,VEX,SNIPER_B,1783897171148,1783897180454,-100,-100,0.0,0,rug_no_data,bsc,pancakeswap
0x9667d598af6c44f3f8f0b94273db72,VEX,SNIPER_A,1783897170447,1783897181121,-100,-100,0.0,0,rug_no_data,bsc,pancakeswap
Dbq84s9NtfkDfGneDzaqJK7vL3uHpmNb,Harris,SNIPER_H2,1783896292372,1783897181816,-100,-100,7.7,15,rug_no_data,solana,pumpswap
Dbq84s9NtfkDfGneDzaqJK7vL3uHpmNb,Harris,SNIPER_H,1783896291720,1783897182702,-100,-100,7.7,15,rug_no_data,solana,pumpswap
Dbq84s9NtfkDfGneDzaqJK7vL3uHpmNb,Harris,SNIPER_B,1783896291083,1783897183364,-100,-100,7.7,15,rug_no_data,solana,pumpswap
Dbq84s9NtfkDfGneDzaqJK7vL3uHpmNb,Harris,SNIPER_A,1783896290369,1783897184005,-100,-100,7.7,15,rug_no_data,solana,pumpswap
2yrDkQkmBB7aUxQTixcXcWd8RbdDXbRc,Rizzler,SNIPER_SMART_TOP_AGE5,1783894652805,1783897184670,5.6,0.06,47.4,42,paper_SNIPER_SMART_TOP_AGE5_trail,solana,pumpswap
2yrDkQkmBB7aUxQTixcXcWd8RbdDXbRc,Rizzler,SNIPER_SMART_COPY_AGE5,1783894652108,1783897185498,5.6,0.06,47.4,42,paper_SNIPER_SMART_COPY_AGE5_trail,solana,pumpswap
2yrDkQkmBB7aUxQTixcXcWd8RbdDXbRc,Rizzler,SNIPER_SMART_CLUSTER,1783894651430,1783897186297,5.6,0.06,47.4,42,paper_SNIPER_SMART_CLUSTER_trail,solana,pumpswap
2yrDkQkmBB7aUxQTixcXcWd8RbdDXbRc,Rizzler,SNIPER_SMART_COPY_TOP,1783894650715,1783897186975,5.6,0.06,47.4,42,paper_SNIPER_SMART_COPY_TOP_trail,solana,pumpswap
2yrDkQkmBB7aUxQTixcXcWd8RbdDXbRc,Rizzler,SNIPER_SMART_COPY,1783894650035,1783897187682,5.6,0.06,47.4,42,paper_SNIPER_SMART_COPY_trail,solana,pumpswap
2yrDkQkmBB7aUxQTixcXcWd8RbdDXbRc,Rizzler,SNIPER_H2,1783894649351,1783897188407,4.2,4.18,46.4,42,tight_trail,solana,pumpswap
2yrDkQkmBB7aUxQTixcXcWd8RbdDXbRc,Rizzler,SNIPER_H,1783894648665,1783897189100,4.2,4.18,46.4,42,tight_trail,solana,pumpswap
2yrDkQkmBB7aUxQTixcXcWd8RbdDXbRc,Rizzler,SNIPER_B,1783894647971,1783897189837,4.2,4.18,46.4,42,tight_trail,solana,pumpswap
2yrDkQkmBB7aUxQTixcXcWd8RbdDXbRc,Rizzler,SNIPER_A,1783894647197,1783897190525,4.2,4.18,46.4,42,tight_trail,solana,pumpswap
CsDALJhaXztvxBkLt6aURbYBX4SzX13E,Harris,SNIPER_SMART_TOP_AGE5,1783897665659,1783898089341,20.6,0.21,46.7,7,paper_SNIPER_SMART_TOP_AGE5_trail,solana,meteora
CsDALJhaXztvxBkLt6aURbYBX4SzX13E,Harris,SNIPER_SMART_COPY_AGE5,1783897665101,1783898090253,20.6,0.21,46.7,7,paper_SNIPER_SMART_COPY_AGE5_trail,solana,meteora
CsDALJhaXztvxBkLt6aURbYBX4SzX13E,Harris,SNIPER_SMART_COPY_TOP,1783897664530,1783898090917,20.6,0.21,46.7,7,paper_SNIPER_SMART_COPY_TOP_trail,solana,meteora
CsDALJhaXztvxBkLt6aURbYBX4SzX13E,Harris,SNIPER_SMART_COPY,1783897663807,1783898091628,20.6,0.21,46.7,7,paper_SNIPER_SMART_COPY_trail,solana,meteora
CsDALJhaXztvxBkLt6aURbYBX4SzX13E,Harris,SNIPER_VOL_VEL,1783897663128,1783898092306,20.6,0.21,46.7,7,paper_SNIPER_VOL_VEL_trail,solana,meteora
CsDALJhaXztvxBkLt6aURbYBX4SzX13E,Harris,SNIPER_LATE,1783897662160,1783898093000,16.8,50.54,44.3,7,tight_trail,solana,meteora
CsDALJhaXztvxBkLt6aURbYBX4SzX13E,Harris,SNIPER_H,1783897661510,1783898093740,19.4,19.36,45.9,7,tight_trail,solana,meteora
CsDALJhaXztvxBkLt6aURbYBX4SzX13E,Harris,SNIPER_B,1783897660851,1783898094429,19.4,19.36,45.9,7,tight_trail,solana,meteora
CsDALJhaXztvxBkLt6aURbYBX4SzX13E,Harris,SNIPER_A,1783897660150,1783898095108,19.4,19.36,45.9,7,tight_trail,solana,meteora
6pxzA22tGsFbggfr8RMCXnXdhqvsa1rm,Alpha,SNIPER_LATE,1783898312236,1783898450901,-100,-300,0.0,2,rug_no_data,solana,meteora
6pxzA22tGsFbggfr8RMCXnXdhqvsa1rm,Alpha,SNIPER_H2,1783898311594,1783898451832,-100,-100,0.0,2,rug_no_data,solana,meteora
6pxzA22tGsFbggfr8RMCXnXdhqvsa1rm,Alpha,SNIPER_H,1783898310949,1783898452507,-100,-100,0.0,2,rug_no_data,solana,meteora
6pxzA22tGsFbggfr8RMCXnXdhqvsa1rm,Alpha,SNIPER_A,1783898310264,1783898453157,-100,-100,0.0,2,rug_no_data,solana,meteora
CL89Gryj6QbYLcNQgpLed8eD8w3oW8BY,HYPNO,SNIPER_LOWCAP,1783896719554,1783898898901,3.7,7.34,68.7,36,tight_trail,solana,pumpswap
CL89Gryj6QbYLcNQgpLed8eD8w3oW8BY,HYPNO,SNIPER_H2,1783896718891,1783898899799,4.8,4.8,69.6,36,tight_trail,solana,pumpswap
CL89Gryj6QbYLcNQgpLed8eD8w3oW8BY,HYPNO,SNIPER_H,1783896718231,1783898900456,4.8,4.8,69.6,36,tight_trail,solana,pumpswap
CL89Gryj6QbYLcNQgpLed8eD8w3oW8BY,HYPNO,SNIPER_B,1783896717592,1783898901126,4.8,4.8,69.6,36,tight_trail,solana,pumpswap
CL89Gryj6QbYLcNQgpLed8eD8w3oW8BY,HYPNO,SNIPER_A,1783896716903,1783898901780,4.8,4.8,69.6,36,tight_trail,solana,pumpswap
0xcdfb874996c320c0f8c74d7c0318d4,NSCALX,SNIPER_B,1783898597571,1783899202071,-100,-200,8.9,10,rug_no_data,bsc,pancakeswap
0xcdfb874996c320c0f8c74d7c0318d4,NSCALX,SNIPER_A,1783898596811,1783899203094,-100,-200,8.9,10,rug_no_data,bsc,pancakeswap
2iHNyHsf18VB7FQJ69mpCrvc3ZWXu6on,win,SNIPER_H2,1783898403238,1783899203753,-19.5,-19.48,0.0,13,sl,solana,pumpswap
2iHNyHsf18VB7FQJ69mpCrvc3ZWXu6on,win,SNIPER_H,1783898402446,1783899204551,-19.5,-19.48,0.0,13,sl,solana,pumpswap
2iHNyHsf18VB7FQJ69mpCrvc3ZWXu6on,win,SNIPER_B,1783898401639,1783899205306,-19.5,-19.48,0.0,13,sl,solana,pumpswap
2iHNyHsf18VB7FQJ69mpCrvc3ZWXu6on,win,SNIPER_A,1783898400843,1783899206008,-19.5,-19.48,0.0,13,sl,solana,pumpswap
AjoCrgFfYNLxdZxxc19Qo5m7FFP5gwNt,HERO,SNIPER_SMART_TOP_AGE5,1783899165047,1783899528161,-100,-1,1.3,6,rug_no_data,solana,meteora
AjoCrgFfYNLxdZxxc19Qo5m7FFP5gwNt,HERO,SNIPER_SMART_COPY_AGE5,1783899164357,1783899529217,-100,-1,1.3,6,rug_no_data,solana,meteora
AjoCrgFfYNLxdZxxc19Qo5m7FFP5gwNt,HERO,SNIPER_SMART_COPY_TOP,1783899163672,1783899529881,-100,-1,1.3,6,rug_no_data,solana,meteora
AjoCrgFfYNLxdZxxc19Qo5m7FFP5gwNt,HERO,SNIPER_SMART_COPY,1783899162999,1783899530536,-100,-1,1.3,6,rug_no_data,solana,meteora
AjoCrgFfYNLxdZxxc19Qo5m7FFP5gwNt,HERO,SNIPER_H2,1783899162318,1783899531175,-100,-200,0.5,6,rug_no_data,solana,meteora
AjoCrgFfYNLxdZxxc19Qo5m7FFP5gwNt,HERO,SNIPER_H,1783899161660,1783899531839,-100,-200,0.5,6,rug_no_data,solana,meteora
AjoCrgFfYNLxdZxxc19Qo5m7FFP5gwNt,HERO,SNIPER_A,1783899160913,1783899532557,-100,-200,0.5,6,rug_no_data,solana,meteora
HouR1bsbS3kGqQVEYXuSfppgkoudwbMY,Bullrun,SNIPER_ULTRA_TRIPLE,1783897359632,1783899533233,51.8,0.52,507.8,36,ride_exit_508%,solana,pumpswap
HouR1bsbS3kGqQVEYXuSfppgkoudwbMY,Bullrun,SNIPER_VOL_VEL,1783897358957,1783899534076,51.8,0.52,507.8,36,ride_exit_508%,solana,pumpswap
HouR1bsbS3kGqQVEYXuSfppgkoudwbMY,Bullrun,SNIPER_MC_LIQ,1783897358257,1783899534763,51.8,0.52,507.8,36,ride_exit_508%,solana,pumpswap
HouR1bsbS3kGqQVEYXuSfppgkoudwbMY,Bullrun,SNIPER_LATE,1783897357561,1783899535479,46.7,140.16,496.5,36,ride_exit_496%,solana,pumpswap
HouR1bsbS3kGqQVEYXuSfppgkoudwbMY,Bullrun,SNIPER_H,1783897356885,1783899536288,50.1,50.08,504.0,36,ride_exit_504%,solana,pumpswap
HouR1bsbS3kGqQVEYXuSfppgkoudwbMY,Bullrun,SNIPER_B,1783897356211,1783899536941,50.1,50.08,504.0,36,ride_exit_504%,solana,pumpswap
HouR1bsbS3kGqQVEYXuSfppgkoudwbMY,Bullrun,SNIPER_A,1783897355469,1783899537640,50.1,50.08,504.0,36,ride_exit_504%,solana,pumpswap
95SV8xYX359edAkyLZs83sjb1cUrveEm,Z,SNIPER_SMART_TOP_AGE5,1783899982950,1783900381341,-20.3,-0.2,141.3,7,sl,solana,meteora
95SV8xYX359edAkyLZs83sjb1cUrveEm,Z,SNIPER_SMART_COPY_AGE5,1783899982246,1783900382294,-20.3,-0.2,141.3,7,sl,solana,meteora
95SV8xYX359edAkyLZs83sjb1cUrveEm,Z,SNIPER_SMART_COPY_TOP,1783899981543,1783900382977,-20.3,-0.2,141.3,7,sl,solana,meteora
95SV8xYX359edAkyLZs83sjb1cUrveEm,Z,SNIPER_SMART_COPY,1783899980753,1783900383664,-20.3,-0.2,141.3,7,sl,solana,meteora
95SV8xYX359edAkyLZs83sjb1cUrveEm,Z,SNIPER_VOL_VEL,1783899980027,1783900384348,-20.3,-0.2,141.3,7,sl,solana,meteora
95SV8xYX359edAkyLZs83sjb1cUrveEm,Z,SNIPER_LATE,1783899979320,1783900385008,-22,-66.13,138.8,7,sl,solana,meteora
95SV8xYX359edAkyLZs83sjb1cUrveEm,Z,SNIPER_H2,1783899978625,1783900385789,-21.5,-42.94,139.6,7,sl,solana,meteora
95SV8xYX359edAkyLZs83sjb1cUrveEm,Z,SNIPER_H,1783899977939,1783900386456,-21.5,-42.94,139.6,7,sl,solana,meteora
95SV8xYX359edAkyLZs83sjb1cUrveEm,Z,SNIPER_B,1783899977272,1783900387141,-21.5,-42.94,139.6,7,sl,solana,meteora
95SV8xYX359edAkyLZs83sjb1cUrveEm,Z,SNIPER_A,1783899976492,1783900387803,-21.5,-42.94,139.6,7,sl,solana,meteora
GCfPXip2RwcL1ewgaENvuoCCwLoVoDeZ,Tator,SNIPER_SMART_TOP_AGE5,1783899502947,1783900388476,-3.6,-0.04,24.1,15,paper_SNIPER_SMART_TOP_AGE5_trail,solana,meteora
GCfPXip2RwcL1ewgaENvuoCCwLoVoDeZ,Tator,SNIPER_SMART_COPY_AGE5,1783899502178,1783900389330,-3.6,-0.04,24.1,15,paper_SNIPER_SMART_COPY_AGE5_trail,solana,meteora
GCfPXip2RwcL1ewgaENvuoCCwLoVoDeZ,Tator,SNIPER_SMART_COPY_TOP,1783899501487,1783900390127,-3.6,-0.04,24.1,15,paper_SNIPER_SMART_COPY_TOP_trail,solana,meteora
GCfPXip2RwcL1ewgaENvuoCCwLoVoDeZ,Tator,SNIPER_SMART_COPY,1783899500797,1783900390795,-3.6,-0.04,24.1,15,paper_SNIPER_SMART_COPY_trail,solana,meteora
GCfPXip2RwcL1ewgaENvuoCCwLoVoDeZ,Tator,SNIPER_LATE,1783899500119,1783900391452,-5,-14.92,23.2,15,medium_trail,solana,meteora
GCfPXip2RwcL1ewgaENvuoCCwLoVoDeZ,Tator,SNIPER_H,1783899499456,1783900392136,-4.5,-9.02,23.5,15,medium_trail,solana,meteora
GCfPXip2RwcL1ewgaENvuoCCwLoVoDeZ,Tator,SNIPER_B,1783899498788,1783900392851,-4.5,-9.02,23.5,15,medium_trail,solana,meteora
GCfPXip2RwcL1ewgaENvuoCCwLoVoDeZ,Tator,SNIPER_A,1783899498081,1783900393567,-4.5,-9.02,23.5,15,medium_trail,solana,meteora
gooUvi6o72FZwJfZnKmANkNapk1xX3GU,Tator,SNIPER_H2,1783900530456,1783900656676,-100,-100,0.0,2,rug_no_data,solana,meteora
gooUvi6o72FZwJfZnKmANkNapk1xX3GU,Tator,SNIPER_H,1783900529787,1783900657672,-100,-100,0.0,2,rug_no_data,solana,meteora
gooUvi6o72FZwJfZnKmANkNapk1xX3GU,Tator,SNIPER_B,1783900529095,1783900658359,-100,-100,0.0,2,rug_no_data,solana,meteora
gooUvi6o72FZwJfZnKmANkNapk1xX3GU,Tator,SNIPER_A,1783900528358,1783900659022,-100,-100,0.0,2,rug_no_data,solana,meteora
43LdwZqCwsYzZHEPxW3i3i6rt2LHynqj,Harris,SNIPER_SMART_TOP_AGE5,1783900196579,1783900659735,12.6,0.13,54.8,8,paper_SNIPER_SMART_TOP_AGE5_trail,solana,meteora
43LdwZqCwsYzZHEPxW3i3i6rt2LHynqj,Harris,SNIPER_SMART_COPY_AGE5,1783900195901,1783900660545,12.6,0.13,54.8,8,paper_SNIPER_SMART_COPY_AGE5_trail,solana,meteora
43LdwZqCwsYzZHEPxW3i3i6rt2LHynqj,Harris,SNIPER_SMART_COPY_TOP,1783900195186,1783900661300,12.6,0.13,54.8,8,paper_SNIPER_SMART_COPY_TOP_trail,solana,meteora
43LdwZqCwsYzZHEPxW3i3i6rt2LHynqj,Harris,SNIPER_SMART_COPY,1783900194467,1783900661984,12.6,0.13,54.8,8,paper_SNIPER_SMART_COPY_trail,solana,meteora
43LdwZqCwsYzZHEPxW3i3i6rt2LHynqj,Harris,SNIPER_VOL_VEL,1783900193756,1783900662659,12.6,0.13,54.8,8,paper_SNIPER_VOL_VEL_trail,solana,meteora
43LdwZqCwsYzZHEPxW3i3i6rt2LHynqj,Harris,SNIPER_H2,1783900193034,1783900663334,11.4,22.77,53.9,8,tight_trail,solana,meteora
43LdwZqCwsYzZHEPxW3i3i6rt2LHynqj,Harris,SNIPER_H,1783900192326,1783900664024,11.4,22.77,53.9,8,tight_trail,solana,meteora
43LdwZqCwsYzZHEPxW3i3i6rt2LHynqj,Harris,SNIPER_B,1783900191665,1783900664738,11.4,22.77,53.9,8,tight_trail,solana,meteora
43LdwZqCwsYzZHEPxW3i3i6rt2LHynqj,Harris,SNIPER_A,1783900190920,1783900665452,11.4,22.77,53.9,8,tight_trail,solana,meteora
2pdH14Y9FhP8MDH34q9VSarM7KajRJNo,Tator,SNIPER_SMART_TOP_AGE5,1783900648872,1783900920060,-100,-1,0.0,5,rug_no_data,solana,meteora
2pdH14Y9FhP8MDH34q9VSarM7KajRJNo,Tator,SNIPER_SMART_COPY_AGE5,1783900648172,1783900920975,-100,-1,0.0,5,rug_no_data,solana,meteora
2pdH14Y9FhP8MDH34q9VSarM7KajRJNo,Tator,SNIPER_SMART_COPY_TOP,1783900647461,1783900921637,-100,-1,0.0,5,rug_no_data,solana,meteora
2pdH14Y9FhP8MDH34q9VSarM7KajRJNo,Tator,SNIPER_SMART_COPY,1783900646765,1783900922286,-100,-1,0.0,5,rug_no_data,solana,meteora
2pdH14Y9FhP8MDH34q9VSarM7KajRJNo,Tator,SNIPER_H2,1783900646085,1783900922934,-100,-100,0.0,5,rug_no_data,solana,meteora
2pdH14Y9FhP8MDH34q9VSarM7KajRJNo,Tator,SNIPER_H,1783900645376,1783900923599,-100,-100,0.0,5,rug_no_data,solana,meteora
2pdH14Y9FhP8MDH34q9VSarM7KajRJNo,Tator,SNIPER_A,1783900644598,1783900924429,-100,-100,0.0,5,rug_no_data,solana,meteora
3FwjrRtWEuKitUvGHQNEYnsVZBYYYYUK,BBW,SNIPER_SMART_TOP_AGE5,1783901942817,1783902209981,-100,-1,3.8,4,rug_no_data,solana,meteora
3FwjrRtWEuKitUvGHQNEYnsVZBYYYYUK,BBW,SNIPER_SMART_COPY_AGE5,1783901942135,1783902210907,-100,-1,3.8,4,rug_no_data,solana,meteora
3FwjrRtWEuKitUvGHQNEYnsVZBYYYYUK,BBW,SNIPER_SMART_COPY_TOP,1783901941507,1783902211566,-100,-1,3.8,5,rug_no_data,solana,meteora
3FwjrRtWEuKitUvGHQNEYnsVZBYYYYUK,BBW,SNIPER_SMART_COPY,1783901940917,1783902212248,-100,-1,3.8,5,rug_no_data,solana,meteora
3FwjrRtWEuKitUvGHQNEYnsVZBYYYYUK,BBW,SNIPER_H2,1783901940341,1783902212899,-100,-200,2.9,5,rug_no_data,solana,meteora
3FwjrRtWEuKitUvGHQNEYnsVZBYYYYUK,BBW,SNIPER_H,1783901939543,1783902213561,-100,-200,2.9,5,rug_no_data,solana,meteora
3FwjrRtWEuKitUvGHQNEYnsVZBYYYYUK,BBW,SNIPER_A,1783901938829,1783902214355,-100,-200,2.9,5,rug_no_data,solana,meteora
G9wAcDTdU3FVgrkCwVvNx6QHMhhW4V5n,BBW,SNIPER_SMART_TOP_AGE5,1783901931018,1783902215040,-100,-1,8.8,5,rug_no_data,solana,meteora
G9wAcDTdU3FVgrkCwVvNx6QHMhhW4V5n,BBW,SNIPER_SMART_COPY_AGE5,1783901930432,1783902215863,-100,-1,8.8,5,rug_no_data,solana,meteora
G9wAcDTdU3FVgrkCwVvNx6QHMhhW4V5n,BBW,SNIPER_SMART_CLUSTER,1783901929864,1783902216591,-100,-1,8.8,5,rug_no_data,solana,meteora
G9wAcDTdU3FVgrkCwVvNx6QHMhhW4V5n,BBW,SNIPER_SMART_COPY_TOP,1783901929137,1783902217348,-100,-1,8.8,5,rug_no_data,solana,meteora
G9wAcDTdU3FVgrkCwVvNx6QHMhhW4V5n,BBW,SNIPER_SMART_COPY,1783901928505,1783902218100,-100,-1,8.8,5,rug_no_data,solana,meteora
G9wAcDTdU3FVgrkCwVvNx6QHMhhW4V5n,BBW,SNIPER_LATE,1783901927592,1783902218794,-100,-300,7.4,5,rug_no_data,solana,meteora
G9wAcDTdU3FVgrkCwVvNx6QHMhhW4V5n,BBW,SNIPER_H2,1783901926920,1783902219462,-100,-100,8.3,5,rug_no_data,solana,meteora
G9wAcDTdU3FVgrkCwVvNx6QHMhhW4V5n,BBW,SNIPER_H,1783901926285,1783902220170,-100,-100,8.3,5,rug_no_data,solana,meteora
G9wAcDTdU3FVgrkCwVvNx6QHMhhW4V5n,BBW,SNIPER_A,1783901925604,1783902220880,-100,-100,8.3,5,rug_no_data,solana,meteora
0xc01f9ef376f6be9dcf721f49412d32,NBRDGX,SNIPER_H,1783902716232,1783902971932,-100,-200,0.0,4,rug_no_data,bsc,pancakeswap
0xc01f9ef376f6be9dcf721f49412d32,NBRDGX,SNIPER_B,1783902715581,1783902972886,-100,-200,0.0,4,rug_no_data,bsc,pancakeswap
0xc01f9ef376f6be9dcf721f49412d32,NBRDGX,SNIPER_A,1783902714815,1783902973555,-100,-200,0.0,4,rug_no_data,bsc,pancakeswap
0xdfd61326d7f805b3399051b5bc42c2,星裂,SNIPER_B,1783901669673,1783903498889,-100,-200,26.3,30,rug_no_data,bsc,pancakeswap
0xdfd61326d7f805b3399051b5bc42c2,星裂,SNIPER_A,1783901668832,1783903499789,-100,-200,26.3,31,rug_no_data,bsc,pancakeswap
93Vhg4nk3n6bto8MjHZVun7T4FAVfn8L,HOME,SNIPER_H2,1783902914058,1783903825894,-21.5,-21.5,0.0,15,sl,solana,pumpswap
93Vhg4nk3n6bto8MjHZVun7T4FAVfn8L,HOME,SNIPER_H,1783902911811,1783903826881,-21.5,-21.5,0.0,15,sl,solana,pumpswap
93Vhg4nk3n6bto8MjHZVun7T4FAVfn8L,HOME,SNIPER_B,1783902910988,1783903827578,-21.5,-21.5,0.0,15,sl,solana,pumpswap
93Vhg4nk3n6bto8MjHZVun7T4FAVfn8L,HOME,SNIPER_A,1783902910207,1783903828283,-21.5,-21.5,0.0,15,sl,solana,pumpswap
8wjuatMxoUSMVMKVqURwH3G3k36Ccvij,BALLS,SNIPER_SMART_TOP_AGE5,1783903766675,1783904056555,-100,-1,48.0,5,rug_no_data,solana,meteora
8wjuatMxoUSMVMKVqURwH3G3k36Ccvij,BALLS,SNIPER_SMART_COPY_AGE5,1783903766033,1783904057413,-100,-1,48.0,5,rug_no_data,solana,meteora
8wjuatMxoUSMVMKVqURwH3G3k36Ccvij,BALLS,SNIPER_SMART_COPY_TOP,1783903765380,1783904058082,-100,-1,48.0,5,rug_no_data,solana,meteora
8wjuatMxoUSMVMKVqURwH3G3k36Ccvij,BALLS,SNIPER_SMART_COPY,1783903764654,1783904058784,-100,-1,48.0,5,rug_no_data,solana,meteora
8wjuatMxoUSMVMKVqURwH3G3k36Ccvij,BALLS,SNIPER_H2,1783903764004,1783904059472,-100,-100,45.1,5,rug_no_data,solana,meteora
8wjuatMxoUSMVMKVqURwH3G3k36Ccvij,BALLS,SNIPER_H,1783903763358,1783904060239,-100,-100,45.1,5,rug_no_data,solana,meteora
8wjuatMxoUSMVMKVqURwH3G3k36Ccvij,BALLS,SNIPER_D2,1783903762705,1783904061114,-100,-100,45.1,5,rug_no_data,solana,meteora
8wjuatMxoUSMVMKVqURwH3G3k36Ccvij,BALLS,SNIPER_D,1783903762067,1783904061802,-100,-100,45.1,5,rug_no_data,solana,meteora
8wjuatMxoUSMVMKVqURwH3G3k36Ccvij,BALLS,SNIPER_B,1783903761374,1783904062478,-100,-100,45.1,5,rug_no_data,solana,meteora
8wjuatMxoUSMVMKVqURwH3G3k36Ccvij,BALLS,SNIPER_A,1783903760629,1783904063171,-100,-100,45.1,5,rug_no_data,solana,meteora
9SFCw2AEc9y6GFbsLbvWHDvDWsbSUqyj,Rich,SNIPER_LATE,1783904231131,1783904276841,-100,-300,0.0,1,rug_no_data,solana,meteora
9SFCw2AEc9y6GFbsLbvWHDvDWsbSUqyj,Rich,SNIPER_H2,1783904230462,1783904277748,-100,-200,0.0,1,rug_no_data,solana,meteora
9SFCw2AEc9y6GFbsLbvWHDvDWsbSUqyj,Rich,SNIPER_H,1783904229808,1783904278400,-100,-200,0.0,1,rug_no_data,solana,meteora
9SFCw2AEc9y6GFbsLbvWHDvDWsbSUqyj,Rich,SNIPER_A,1783904229077,1783904279037,-100,-200,0.0,1,rug_no_data,solana,meteora
6F1zTwP3kXfGnCYicTS8scrBhyehqGDw,Rich,SNIPER_SMART_TOP_AGE5,1783904421155,1783904686849,-55.1,-0.55,0.0,4,sl,solana,meteora
6F1zTwP3kXfGnCYicTS8scrBhyehqGDw,Rich,SNIPER_SMART_COPY_AGE5,1783904420363,1783904687771,-55.1,-0.55,0.0,4,sl,solana,meteora
6F1zTwP3kXfGnCYicTS8scrBhyehqGDw,Rich,SNIPER_SMART_COPY_TOP,1783904419666,1783904688432,-55.1,-0.55,0.0,4,sl,solana,meteora
6F1zTwP3kXfGnCYicTS8scrBhyehqGDw,Rich,SNIPER_SMART_COPY,1783904418968,1783904689078,-55.1,-0.55,0.0,5,sl,solana,meteora
6F1zTwP3kXfGnCYicTS8scrBhyehqGDw,Rich,SNIPER_LATE,1783904416949,1783904689724,-55.7,-166.98,0.0,5,sl,solana,meteora
6F1zTwP3kXfGnCYicTS8scrBhyehqGDw,Rich,SNIPER_H,1783904416124,1783904690375,-55.3,-55.25,0.0,5,sl,solana,meteora
6F1zTwP3kXfGnCYicTS8scrBhyehqGDw,Rich,SNIPER_B,1783904415448,1783904691108,-55.3,-55.25,0.0,5,sl,solana,meteora
6F1zTwP3kXfGnCYicTS8scrBhyehqGDw,Rich,SNIPER_A,1783904414650,1783904691798,-55.3,-55.25,0.0,5,sl,solana,meteora
0xd1e3ac73ddfb2c59d17fffbf748133,SB🚀,SNIPER_BSC_FILTERED,1783904987273,1783905019001,-100,-30,0.0,1,rug_no_data,bsc,pancakeswap
0xd1e3ac73ddfb2c59d17fffbf748133,SB🚀,SNIPER_H,1783904986585,1783905019994,-100,-100,0.0,1,rug_no_data,bsc,pancakeswap
0xd1e3ac73ddfb2c59d17fffbf748133,SB🚀,SNIPER_D2,1783904985933,1783905020679,-100,-100,0.0,1,rug_no_data,bsc,pancakeswap
0xd1e3ac73ddfb2c59d17fffbf748133,SB🚀,SNIPER_D,1783904985269,1783905021356,-100,-100,0.0,1,rug_no_data,bsc,pancakeswap
0xd1e3ac73ddfb2c59d17fffbf748133,SB🚀,SNIPER_B,1783904984590,1783905022050,-100,-100,0.0,1,rug_no_data,bsc,pancakeswap
0xd1e3ac73ddfb2c59d17fffbf748133,SB🚀,SNIPER_A,1783904983828,1783905022735,-100,-100,0.0,1,rug_no_data,bsc,pancakeswap
0x51110c8b645e1cdbc5292824e15a6c,星响,SNIPER_H,1783904051944,1783905264202,-100,-200,1.7,20,rug_no_data,bsc,pancakeswap
0x51110c8b645e1cdbc5292824e15a6c,星响,SNIPER_B,1783904051267,1783905265162,-100,-200,1.7,20,rug_no_data,bsc,pancakeswap
0x51110c8b645e1cdbc5292824e15a6c,星响,SNIPER_A,1783904050456,1783905265820,-100,-200,1.7,20,rug_no_data,bsc,pancakeswap
9E8zHCjeRNKG7fSqf5Ewd6VtJr2uq4NR,PEPINA,SNIPER_VOL_VEL,1783905497452,1783905518319,-100,-1,0.0,0,rug_no_data,solana,meteora
9E8zHCjeRNKG7fSqf5Ewd6VtJr2uq4NR,PEPINA,SNIPER_LOWCAP,1783905496788,1783905519258,-100,-200,0.0,0,rug_no_data,solana,meteora
9E8zHCjeRNKG7fSqf5Ewd6VtJr2uq4NR,PEPINA,SNIPER_LATE,1783905496112,1783905519879,-100,-300,0.0,0,rug_no_data,solana,meteora
9E8zHCjeRNKG7fSqf5Ewd6VtJr2uq4NR,PEPINA,SNIPER_H2,1783905495465,1783905520529,-100,-200,0.0,0,rug_no_data,solana,meteora
9E8zHCjeRNKG7fSqf5Ewd6VtJr2uq4NR,PEPINA,SNIPER_H,1783905494817,1783905521190,-100,-200,0.0,0,rug_no_data,solana,meteora
9E8zHCjeRNKG7fSqf5Ewd6VtJr2uq4NR,PEPINA,SNIPER_B,1783905494164,1783905521855,-100,-200,0.0,0,rug_no_data,solana,meteora
9E8zHCjeRNKG7fSqf5Ewd6VtJr2uq4NR,PEPINA,SNIPER_A,1783905493407,1783905522520,-100,-200,0.0,0,rug_no_data,solana,meteora
4ephwprJi381VcACXY4277AG8H6H9b7m,MEMECOINS,SNIPER_SMART_TOP_AGE5,1783904960396,1783905523182,-3.6,-0.04,20.1,9,paper_SNIPER_SMART_TOP_AGE5_trail,solana,meteora
4ephwprJi381VcACXY4277AG8H6H9b7m,MEMECOINS,SNIPER_SMART_COPY_AGE5,1783904959742,1783905524122,-3.6,-0.04,20.1,9,paper_SNIPER_SMART_COPY_AGE5_trail,solana,meteora
4ephwprJi381VcACXY4277AG8H6H9b7m,MEMECOINS,SNIPER_SMART_COPY_TOP,1783904958989,1783905524794,-3.6,-0.04,20.1,9,paper_SNIPER_SMART_COPY_TOP_trail,solana,meteora
4ephwprJi381VcACXY4277AG8H6H9b7m,MEMECOINS,SNIPER_SMART_COPY,1783904958325,1783905525483,-3.6,-0.04,20.1,9,paper_SNIPER_SMART_COPY_trail,solana,meteora
4ephwprJi381VcACXY4277AG8H6H9b7m,MEMECOINS,SNIPER_LATE,1783904957663,1783905526139,-5.2,-15.51,19.2,9,tight_trail,solana,meteora
4ephwprJi381VcACXY4277AG8H6H9b7m,MEMECOINS,SNIPER_H2,1783904957023,1783905526792,-4.6,-9.27,19.5,9,tight_trail,solana,meteora
4ephwprJi381VcACXY4277AG8H6H9b7m,MEMECOINS,SNIPER_H,1783904956342,1783905527469,-4.6,-9.27,19.5,10,tight_trail,solana,meteora
4ephwprJi381VcACXY4277AG8H6H9b7m,MEMECOINS,SNIPER_B,1783904955666,1783905528223,-4.6,-9.27,19.5,10,tight_trail,solana,meteora
4ephwprJi381VcACXY4277AG8H6H9b7m,MEMECOINS,SNIPER_A,1783904954959,1783905528888,-4.6,-9.27,19.5,10,tight_trail,solana,meteora
HeBNrj45KQFG9TjToVw4SXo6UUcQCZmq,MEMECOINS,SNIPER_SMART_TOP_AGE5,1783905693727,1783905960297,-79.3,-0.79,1.7,4,sl,solana,meteora
HeBNrj45KQFG9TjToVw4SXo6UUcQCZmq,MEMECOINS,SNIPER_SMART_COPY_AGE5,1783905693032,1783905961290,-79.3,-0.79,1.7,4,sl,solana,meteora
HeBNrj45KQFG9TjToVw4SXo6UUcQCZmq,MEMECOINS,SNIPER_SMART_COPY_TOP,1783905692324,1783905961958,-79.3,-0.79,1.7,4,sl,solana,meteora
HeBNrj45KQFG9TjToVw4SXo6UUcQCZmq,MEMECOINS,SNIPER_SMART_COPY,1783905691686,1783905962702,-79.3,-0.79,1.7,5,sl,solana,meteora
HeBNrj45KQFG9TjToVw4SXo6UUcQCZmq,MEMECOINS,SNIPER_ULTRA_TRIPLE,1783905691086,1783905963388,-79.3,-0.79,1.7,5,sl,solana,meteora
HeBNrj45KQFG9TjToVw4SXo6UUcQCZmq,MEMECOINS,SNIPER_VOL_VEL,1783905690486,1783905964071,-79.3,-0.79,1.7,5,sl,solana,meteora
HeBNrj45KQFG9TjToVw4SXo6UUcQCZmq,MEMECOINS,SNIPER_MC_LIQ,1783905689754,1783905964740,-79.3,-0.79,1.7,5,sl,solana,meteora
HeBNrj45KQFG9TjToVw4SXo6UUcQCZmq,MEMECOINS,SNIPER_LATE,1783905688841,1783905965503,-79.9,-239.55,0.8,5,sl,solana,meteora
HeBNrj45KQFG9TjToVw4SXo6UUcQCZmq,MEMECOINS,SNIPER_H2,1783905688173,1783905966220,-80.7,-161.39,1.1,5,early_exit_liq_-54%,solana,meteora
HeBNrj45KQFG9TjToVw4SXo6UUcQCZmq,MEMECOINS,SNIPER_H,1783905687500,1783905966929,-80.7,-161.39,1.1,5,early_exit_liq_-54%,solana,meteora
HeBNrj45KQFG9TjToVw4SXo6UUcQCZmq,MEMECOINS,SNIPER_B,1783905686822,1783905967617,-80.7,-161.39,1.1,5,early_exit_liq_-54%,solana,meteora
HeBNrj45KQFG9TjToVw4SXo6UUcQCZmq,MEMECOINS,SNIPER_A,1783905686055,1783905968293,-79.7,-159.31,1.1,5,sl,solana,meteora
4dg9pDEHX2v7WvcJcJN2hE5XSsKMYaVG,SOL,SNIPER_SMART_TOP_AGE5,1783905707315,1783906104114,-27.5,-0.27,3.2,7,sl,solana,meteora
4dg9pDEHX2v7WvcJcJN2hE5XSsKMYaVG,SOL,SNIPER_SMART_COPY_AGE5,1783905706576,1783906105109,-27.5,-0.27,3.2,7,sl,solana,meteora
4dg9pDEHX2v7WvcJcJN2hE5XSsKMYaVG,SOL,SNIPER_SMART_COPY_TOP,1783905705900,1783906105779,-27.5,-0.27,3.2,7,sl,solana,meteora
4dg9pDEHX2v7WvcJcJN2hE5XSsKMYaVG,SOL,SNIPER_SMART_COPY,1783905705228,1783906106455,-27.5,-0.27,3.2,7,sl,solana,meteora
4dg9pDEHX2v7WvcJcJN2hE5XSsKMYaVG,SOL,SNIPER_H,1783905704663,1783906107145,-28,-27.95,2.8,7,sl,solana,meteora
4dg9pDEHX2v7WvcJcJN2hE5XSsKMYaVG,SOL,SNIPER_B,1783905704085,1783906107859,-28,-27.95,2.8,7,sl,solana,meteora
4dg9pDEHX2v7WvcJcJN2hE5XSsKMYaVG,SOL,SNIPER_A,1783905703399,1783906108623,-28,-27.95,2.8,7,sl,solana,meteora
F5Xmswza7bu47HRVGXgw44ag31HoN8CD,PEPINA,SNIPER_MC_LIQ,1783906247354,1783906575601,8.8,0.09,15.6,5,paper_SNIPER_MC_LIQ_trail,solana,pumpswap
3WzotihRy18gVUMtcta9RXa6GzgAXSPB,Bagwork,SNIPER_SMART_TOP_AGE5,1783906734107,1783906791868,-57.2,-0.57,0.0,1,sl,solana,meteora
3WzotihRy18gVUMtcta9RXa6GzgAXSPB,Bagwork,SNIPER_SMART_COPY_AGE5,1783906733461,1783906792696,-57.2,-0.57,0.0,1,sl,solana,meteora
3WzotihRy18gVUMtcta9RXa6GzgAXSPB,Bagwork,SNIPER_SMART_COPY_TOP,1783906732813,1783906793403,-57.2,-0.57,0.0,1,sl,solana,meteora
3WzotihRy18gVUMtcta9RXa6GzgAXSPB,Bagwork,SNIPER_SMART_COPY,1783906732079,1783906794095,-57.2,-0.57,0.0,1,sl,solana,meteora
3WzotihRy18gVUMtcta9RXa6GzgAXSPB,Bagwork,SNIPER_VOL_VEL,1783906731433,1783906794796,-57.2,-0.57,0.0,1,sl,solana,meteora
3WzotihRy18gVUMtcta9RXa6GzgAXSPB,Bagwork,SNIPER_LATE,1783906730758,1783906795565,-58.2,-174.66,0.0,1,sl,solana,meteora
3WzotihRy18gVUMtcta9RXa6GzgAXSPB,Bagwork,SNIPER_H2,1783906730103,1783906796221,-57.9,-115.73,0.0,1,sl,solana,meteora
3WzotihRy18gVUMtcta9RXa6GzgAXSPB,Bagwork,SNIPER_H,1783906729457,1783906796879,-57.9,-115.73,0.0,1,sl,solana,meteora
3WzotihRy18gVUMtcta9RXa6GzgAXSPB,Bagwork,SNIPER_B,1783906728818,1783906797553,-57.9,-115.73,0.0,1,sl,solana,meteora
3WzotihRy18gVUMtcta9RXa6GzgAXSPB,Bagwork,SNIPER_A,1783906728086,1783906798239,-57.9,-115.73,0.0,1,sl,solana,meteora
9UyeeGhTRyEeQnguXi3rk4tKPbSVoUNC,Yakb-12.7,SNIPER_V3_SCORER,1783905945154,1783906798920,-35.3,-0.53,34.1,14,sl,solana,pumpswap
9UyeeGhTRyEeQnguXi3rk4tKPbSVoUNC,Yakb-12.7,SNIPER_V3_GRAIL_C,1783905944454,1783906799788,-35.3,-0.53,34.1,14,sl,solana,pumpswap
9UyeeGhTRyEeQnguXi3rk4tKPbSVoUNC,Yakb-12.7,SNIPER_H,1783905943785,1783906800461,-37.6,-56.37,32.0,14,sl,solana,pumpswap
9UyeeGhTRyEeQnguXi3rk4tKPbSVoUNC,Yakb-12.7,SNIPER_D2,1783905943118,1783906801188,-37.6,-56.37,32.0,14,sl,solana,pumpswap
9UyeeGhTRyEeQnguXi3rk4tKPbSVoUNC,Yakb-12.7,SNIPER_D,1783905942449,1783906802035,-37.6,-56.37,32.0,14,sl,solana,pumpswap
9UyeeGhTRyEeQnguXi3rk4tKPbSVoUNC,Yakb-12.7,SNIPER_B,1783905941795,1783906802827,-37.6,-56.37,32.0,14,sl,solana,pumpswap
9UyeeGhTRyEeQnguXi3rk4tKPbSVoUNC,Yakb-12.7,SNIPER_A,1783905941070,1783906803695,-37.6,-56.37,32.0,14,sl,solana,pumpswap
0xd62c80d42d6ed0e35c7133742c9c18,CFRGE,SNIPER_B,1783906538222,1783907122558,-100,-100,18.3,10,rug_no_data,bsc,pancakeswap
0xd62c80d42d6ed0e35c7133742c9c18,CFRGE,SNIPER_A,1783906537479,1783907123472,-100,-100,18.3,10,rug_no_data,bsc,pancakeswap
F5Xmswza7bu47HRVGXgw44ag31HoN8CD,PEPINA,SNIPER_H2,1783906246656,1783907124117,-26.1,-26.09,15.0,15,sl,solana,pumpswap
F5Xmswza7bu47HRVGXgw44ag31HoN8CD,PEPINA,SNIPER_H,1783906246022,1783907124886,-26.1,-26.09,15.0,15,sl,solana,pumpswap
F5Xmswza7bu47HRVGXgw44ag31HoN8CD,PEPINA,SNIPER_B,1783906245344,1783907125556,-26.1,-26.09,15.0,15,sl,solana,pumpswap
F5Xmswza7bu47HRVGXgw44ag31HoN8CD,PEPINA,SNIPER_A,1783906244597,1783907126218,-26.1,-26.09,15.0,15,sl,solana,pumpswap
0x68980f85bff6eadecf8a6b4a064614,银月,SNIPER_BSC_FILTERED,1783906783502,1783907410462,-100,-30,0.0,10,rug_no_data,bsc,pancakeswap
0x68980f85bff6eadecf8a6b4a064614,银月,SNIPER_H,1783906782868,1783907411443,-100,-200,0.0,10,rug_no_data,bsc,pancakeswap
0x68980f85bff6eadecf8a6b4a064614,银月,SNIPER_B,1783906782243,1783907412122,-100,-200,0.0,10,rug_no_data,bsc,pancakeswap
0x68980f85bff6eadecf8a6b4a064614,银月,SNIPER_A,1783906781498,1783907412771,-100,-200,0.0,11,rug_no_data,bsc,pancakeswap
6fHEGbi41LUCtkeSvxMWexjtvUn87tM4,AAIF,SNIPER_H2,1783892198908,1783907413464,-100,-100,831.0,254,rug_no_data,solana,pumpswap
6fHEGbi41LUCtkeSvxMWexjtvUn87tM4,AAIF,SNIPER_H,1783892198229,1783907414258,-100,-100,831.0,254,rug_no_data,solana,pumpswap
6fHEGbi41LUCtkeSvxMWexjtvUn87tM4,AAIF,SNIPER_B,1783892197537,1783907415011,-100,-100,831.0,254,rug_no_data,solana,pumpswap
6fHEGbi41LUCtkeSvxMWexjtvUn87tM4,AAIF,SNIPER_A,1783892196728,1783907415692,-100,-100,831.0,254,rug_no_data,solana,pumpswap
BHp2h6JpwGViRvPzoybH859v1C7tzWQD,Bagwork,SNIPER_H,1783906744279,1783907647662,-100,-100,81.3,15,rug_no_data,solana,pumpswap
BHp2h6JpwGViRvPzoybH859v1C7tzWQD,Bagwork,SNIPER_B,1783906743667,1783907648499,-100,-100,81.3,15,rug_no_data,solana,pumpswap
BHp2h6JpwGViRvPzoybH859v1C7tzWQD,Bagwork,SNIPER_A,1783906742929,1783907649258,-100,-100,81.3,15,rug_no_data,solana,pumpswap
z79JeUN5iASEH46mDJ7arqt8TKqSazn5,世界杯赛,SNIPER_MC_LIQ,1783907638074,1783908157543,14.4,0.14,19.7,9,paper_SNIPER_MC_LIQ_trail,solana,pumpswap
z79JeUN5iASEH46mDJ7arqt8TKqSazn5,世界杯赛,SNIPER_H2,1783907637436,1783908158464,8.9,17.74,16.7,9,medium_trail,solana,pumpswap
z79JeUN5iASEH46mDJ7arqt8TKqSazn5,世界杯赛,SNIPER_H,1783907636801,1783908159107,8.9,17.74,16.7,9,medium_trail,solana,pumpswap
z79JeUN5iASEH46mDJ7arqt8TKqSazn5,世界杯赛,SNIPER_B,1783907636127,1783908159836,8.9,17.74,16.7,9,medium_trail,solana,pumpswap
z79JeUN5iASEH46mDJ7arqt8TKqSazn5,世界杯赛,SNIPER_A,1783907635395,1783908160566,8.9,17.74,16.7,9,medium_trail,solana,pumpswap
0xf8818d76443145e45865acd60f1706,炎日,SNIPER_H,1783908147241,1783909436157,-100,-200,3.4,21,rug_no_data,bsc,pancakeswap
0xf8818d76443145e45865acd60f1706,炎日,SNIPER_B,1783908146553,1783909437092,-100,-200,3.4,22,rug_no_data,bsc,pancakeswap
0xf8818d76443145e45865acd60f1706,炎日,SNIPER_A,1783908145751,1783909437755,-100,-200,3.4,22,rug_no_data,bsc,pancakeswap
6u9Uk1BcNiYWBbuFzLeABizUQn6fn2GA,FRG,SNIPER_LOWCAP,1783909107170,1783909723419,2.6,7.92,35.4,10,medium_trail,solana,pumpswap
6u9Uk1BcNiYWBbuFzLeABizUQn6fn2GA,FRG,SNIPER_GOLD5,1783909106477,1783909724430,4.1,9.31,36.4,10,medium_trail,solana,pumpswap
6u9Uk1BcNiYWBbuFzLeABizUQn6fn2GA,FRG,SNIPER_H,1783909105782,1783909725133,5.7,8.48,37.4,10,medium_trail,solana,pumpswap
6u9Uk1BcNiYWBbuFzLeABizUQn6fn2GA,FRG,SNIPER_G,1783909105112,1783909725850,5.7,8.48,37.4,10,medium_trail,solana,pumpswap
6u9Uk1BcNiYWBbuFzLeABizUQn6fn2GA,FRG,SNIPER_F2,1783909104273,1783909726582,5.7,8.48,37.4,10,medium_trail,solana,pumpswap
6u9Uk1BcNiYWBbuFzLeABizUQn6fn2GA,FRG,SNIPER_F,1783909103590,1783909727319,5.7,8.48,37.4,10,medium_trail,solana,pumpswap
6u9Uk1BcNiYWBbuFzLeABizUQn6fn2GA,FRG,SNIPER_D2,1783909102916,1783909728100,5.7,8.48,37.4,10,medium_trail,solana,pumpswap
6u9Uk1BcNiYWBbuFzLeABizUQn6fn2GA,FRG,SNIPER_D,1783909102236,1783909728802,5.7,8.48,37.4,10,medium_trail,solana,pumpswap
6u9Uk1BcNiYWBbuFzLeABizUQn6fn2GA,FRG,SNIPER_B,1783909101535,1783909729509,5.7,8.48,37.4,10,medium_trail,solana,pumpswap
6u9Uk1BcNiYWBbuFzLeABizUQn6fn2GA,FRG,SNIPER_A,1783909100761,1783909730224,5.7,8.48,37.4,10,medium_trail,solana,pumpswap
BAiZxMrwxvNzGn5cj6ZGaZfR7MQPcKJi,FRG,SNIPER_SMART_TOP_AGE5,1783908734566,1783909730936,46.4,0.46,240.2,17,ride_exit_240%,solana,meteora
BAiZxMrwxvNzGn5cj6ZGaZfR7MQPcKJi,FRG,SNIPER_SMART_COPY_AGE5,1783908733905,1783909731895,46.4,0.46,240.2,17,ride_exit_240%,solana,meteora
BAiZxMrwxvNzGn5cj6ZGaZfR7MQPcKJi,FRG,SNIPER_SMART_COPY_TOP,1783908733090,1783909732575,46.4,0.46,240.2,17,ride_exit_240%,solana,meteora
BAiZxMrwxvNzGn5cj6ZGaZfR7MQPcKJi,FRG,SNIPER_SMART_COPY,1783908732395,1783909733324,46.4,0.46,240.2,17,ride_exit_240%,solana,meteora
BAiZxMrwxvNzGn5cj6ZGaZfR7MQPcKJi,FRG,SNIPER_H2,1783908731705,1783909734067,44.3,44.31,237.5,17,ride_exit_238%,solana,meteora
BAiZxMrwxvNzGn5cj6ZGaZfR7MQPcKJi,FRG,SNIPER_H,1783908730970,1783909734775,44.3,44.31,237.5,17,ride_exit_238%,solana,meteora
BAiZxMrwxvNzGn5cj6ZGaZfR7MQPcKJi,FRG,SNIPER_B,1783908730262,1783909735574,44.3,44.31,237.5,17,ride_exit_238%,solana,meteora
BAiZxMrwxvNzGn5cj6ZGaZfR7MQPcKJi,FRG,SNIPER_A,1783908729503,1783909736276,44.3,44.31,237.5,17,ride_exit_238%,solana,meteora
GWFAYPYFMSRA6QkVWYgKZYPr41tdNkgD,USOH,SNIPER_H2,1783908511597,1783909736998,-8.9,-8.88,15.8,20,tight_trail,solana,pumpswap
GWFAYPYFMSRA6QkVWYgKZYPr41tdNkgD,USOH,SNIPER_H,1783908510920,1783909737866,-8.9,-8.88,15.8,20,tight_trail,solana,pumpswap
GWFAYPYFMSRA6QkVWYgKZYPr41tdNkgD,USOH,SNIPER_B,1783908510237,1783909738557,-8.9,-8.88,15.8,20,tight_trail,solana,pumpswap
GWFAYPYFMSRA6QkVWYgKZYPr41tdNkgD,USOH,SNIPER_A,1783908509443,1783909739301,-8.9,-8.88,15.8,20,tight_trail,solana,pumpswap
GoLGBEnWkJMYhenP1FufYD3tT3Y4NsQ5,CASHCAT,SNIPER_H,1783909679553,1783909950779,3.2,3.18,1.9,5,early_exit_ratio_541,solana,meteora
GoLGBEnWkJMYhenP1FufYD3tT3Y4NsQ5,CASHCAT,SNIPER_B,1783909678873,1783909951726,3.2,3.18,1.9,5,early_exit_ratio_541,solana,meteora
GoLGBEnWkJMYhenP1FufYD3tT3Y4NsQ5,CASHCAT,SNIPER_SMART_TOP_AGE5,1783909682443,1783910158514,-100,-1,10.4,8,rug_no_data,solana,meteora
GoLGBEnWkJMYhenP1FufYD3tT3Y4NsQ5,CASHCAT,SNIPER_SMART_COPY_AGE5,1783909681695,1783910159471,-100,-1,10.4,8,rug_no_data,solana,meteora
GoLGBEnWkJMYhenP1FufYD3tT3Y4NsQ5,CASHCAT,SNIPER_SMART_COPY_TOP,1783909680950,1783910160190,-100,-1,10.4,8,rug_no_data,solana,meteora
GoLGBEnWkJMYhenP1FufYD3tT3Y4NsQ5,CASHCAT,SNIPER_SMART_COPY,1783909680238,1783910160879,-100,-1,10.4,8,rug_no_data,solana,meteora
GoLGBEnWkJMYhenP1FufYD3tT3Y4NsQ5,CASHCAT,SNIPER_A,1783909678151,1783910161560,-100,-100,10.3,8,rug_no_data,solana,meteora
EJQ1RaSTZKJac8JqpzHLro3Tig7256eC,Trash,SNIPER_SMART_TOP_AGE5,1783910536484,1783911134666,-100,-1,16.7,10,rug_no_data,solana,meteora
EJQ1RaSTZKJac8JqpzHLro3Tig7256eC,Trash,SNIPER_SMART_COPY_AGE5,1783910535720,1783911135595,-100,-1,16.7,10,rug_no_data,solana,meteora
EJQ1RaSTZKJac8JqpzHLro3Tig7256eC,Trash,SNIPER_SMART_COPY_TOP,1783910534958,1783911136286,-100,-1,16.7,10,rug_no_data,solana,meteora
EJQ1RaSTZKJac8JqpzHLro3Tig7256eC,Trash,SNIPER_SMART_COPY,1783910534184,1783911136996,-100,-1,16.7,10,rug_no_data,solana,meteora
EJQ1RaSTZKJac8JqpzHLro3Tig7256eC,Trash,SNIPER_LATE,1783910533503,1783911137707,-100,-300,15.1,10,rug_no_data,solana,meteora
EJQ1RaSTZKJac8JqpzHLro3Tig7256eC,Trash,SNIPER_H2,1783910532802,1783911138451,-100,-200,15.6,10,rug_no_data,solana,meteora
EJQ1RaSTZKJac8JqpzHLro3Tig7256eC,Trash,SNIPER_H,1783910532065,1783911139316,-100,-200,15.6,10,rug_no_data,solana,meteora
EJQ1RaSTZKJac8JqpzHLro3Tig7256eC,Trash,SNIPER_B,1783910531390,1783911139993,-100,-200,15.6,10,rug_no_data,solana,meteora
EJQ1RaSTZKJac8JqpzHLro3Tig7256eC,Trash,SNIPER_A,1783910530615,1783911140690,-100,-200,15.6,10,rug_no_data,solana,meteora
2aFWXWtJuU3AdzHJJ5AN4iFi25R3nD59,CASHCAT,SNIPER_ML_RULE_B,1783908774178,1783911843852,215.9,2.16,238.3,51,paper_SNIPER_ML_RULE_B_trail,solana,pumpswap
2aFWXWtJuU3AdzHJJ5AN4iFi25R3nD59,CASHCAT,SNIPER_ML_SCORER,1783908774828,1783912053628,188.3,1.88,238.3,55,paper_SNIPER_ML_SCORER_trail,solana,pumpswap
2aFWXWtJuU3AdzHJJ5AN4iFi25R3nD59,CASHCAT,SNIPER_LOWCAP,1783908773410,1783912551803,169.9,339.85,234.5,63,medium_trail,solana,pumpswap
2aFWXWtJuU3AdzHJJ5AN4iFi25R3nD59,CASHCAT,SNIPER_H2,1783908772648,1783912552718,169.9,339.85,234.5,63,medium_trail,solana,pumpswap
2aFWXWtJuU3AdzHJJ5AN4iFi25R3nD59,CASHCAT,SNIPER_H,1783908771938,1783912553406,169.9,339.85,234.5,63,medium_trail,solana,pumpswap
2aFWXWtJuU3AdzHJJ5AN4iFi25R3nD59,CASHCAT,SNIPER_F2,1783908771256,1783912554127,169.9,339.85,234.5,63,medium_trail,solana,pumpswap
2aFWXWtJuU3AdzHJJ5AN4iFi25R3nD59,CASHCAT,SNIPER_F,1783908770582,1783912554856,169.9,339.85,234.5,63,medium_trail,solana,pumpswap
2aFWXWtJuU3AdzHJJ5AN4iFi25R3nD59,CASHCAT,SNIPER_D2,1783908769923,1783912555591,169.9,339.85,234.5,63,medium_trail,solana,pumpswap
2aFWXWtJuU3AdzHJJ5AN4iFi25R3nD59,CASHCAT,SNIPER_D,1783908769274,1783912556357,169.9,339.85,234.5,63,medium_trail,solana,pumpswap
2aFWXWtJuU3AdzHJJ5AN4iFi25R3nD59,CASHCAT,SNIPER_B,1783908768596,1783912557061,169.9,339.85,234.5,63,medium_trail,solana,pumpswap
2aFWXWtJuU3AdzHJJ5AN4iFi25R3nD59,CASHCAT,SNIPER_A,1783908767812,1783912557748,169.9,339.85,234.5,63,medium_trail,solana,pumpswap
0xb90c025148d2b74526921af4e68a76,病毒雪球,SNIPER_BSC_FILTERED,1783912274561,1783912865314,-13.3,-3.99,21.9,10,wide_trail,bsc,pancakeswap
0xb90c025148d2b74526921af4e68a76,病毒雪球,SNIPER_H,1783912273847,1783912866247,-16.2,-32.31,19.9,10,wide_trail,bsc,pancakeswap
0xb90c025148d2b74526921af4e68a76,病毒雪球,SNIPER_F2,1783912273174,1783912866922,-16.2,-32.31,19.9,10,wide_trail,bsc,pancakeswap
0xb90c025148d2b74526921af4e68a76,病毒雪球,SNIPER_F,1783912272494,1783912867569,-16.2,-32.31,19.9,10,wide_trail,bsc,pancakeswap
0xb90c025148d2b74526921af4e68a76,病毒雪球,SNIPER_D2,1783912271809,1783912868222,-16.2,-32.31,19.9,10,wide_trail,bsc,pancakeswap
0xb90c025148d2b74526921af4e68a76,病毒雪球,SNIPER_D,1783912271120,1783912868887,-16.2,-32.31,19.9,10,wide_trail,bsc,pancakeswap
0xb90c025148d2b74526921af4e68a76,病毒雪球,SNIPER_B,1783912270424,1783912869584,-16.2,-32.31,19.9,10,wide_trail,bsc,pancakeswap
0xb90c025148d2b74526921af4e68a76,病毒雪球,SNIPER_A,1783912269701,1783912870352,-16.2,-32.31,19.9,10,wide_trail,bsc,pancakeswap
HA9XKqJtTKD9CWgDfFcu82uvV2qBzT3m,AATF,SNIPER_MC_LIQ,1783909628971,1783912871073,24.7,0.25,32.0,54,paper_SNIPER_MC_LIQ_trail,solana,pumpswap
FPZhuvfD143qu3e4X6GxVCmqTXz6F3JN,CASHCAT,SNIPER_SMART_TOP_AGE5,1783912835961,1783913156084,-100,-1,0.0,5,rug_no_data,solana,meteora
FPZhuvfD143qu3e4X6GxVCmqTXz6F3JN,CASHCAT,SNIPER_SMART_COPY_AGE5,1783912835246,1783913156981,-100,-1,0.0,5,rug_no_data,solana,meteora
FPZhuvfD143qu3e4X6GxVCmqTXz6F3JN,CASHCAT,SNIPER_SMART_COPY_TOP,1783912834543,1783913157620,-100,-1,0.0,5,rug_no_data,solana,meteora
FPZhuvfD143qu3e4X6GxVCmqTXz6F3JN,CASHCAT,SNIPER_SMART_COPY,1783912833870,1783913158267,-100,-1,0.0,5,rug_no_data,solana,meteora
FPZhuvfD143qu3e4X6GxVCmqTXz6F3JN,CASHCAT,SNIPER_H,1783912833172,1783913158927,-100,-100,0.0,5,rug_no_data,solana,meteora
FPZhuvfD143qu3e4X6GxVCmqTXz6F3JN,CASHCAT,SNIPER_B,1783912832510,1783913159605,-100,-100,0.0,5,rug_no_data,solana,meteora
FPZhuvfD143qu3e4X6GxVCmqTXz6F3JN,CASHCAT,SNIPER_A,1783912831729,1783913160297,-100,-100,0.0,5,rug_no_data,solana,meteora
57yD6cNocAXeF7ve41jno13K1GWJMiVB,bitch,SNIPER_SMART_TOP_AGE5,1783911795467,1783913161104,180.9,1.81,661.3,23,ride_exit_661%,solana,meteora
57yD6cNocAXeF7ve41jno13K1GWJMiVB,bitch,SNIPER_SMART_COPY_AGE5,1783911794632,1783913161988,180.9,1.81,661.3,23,ride_exit_661%,solana,meteora
57yD6cNocAXeF7ve41jno13K1GWJMiVB,bitch,SNIPER_SMART_COPY_TOP,1783911793878,1783913162747,180.9,1.81,661.3,23,ride_exit_661%,solana,meteora
57yD6cNocAXeF7ve41jno13K1GWJMiVB,bitch,SNIPER_SMART_COPY,1783911793124,1783913163414,180.9,1.81,661.3,23,ride_exit_661%,solana,meteora
57yD6cNocAXeF7ve41jno13K1GWJMiVB,bitch,SNIPER_VOL_VEL,1783911792416,1783913164085,180.9,1.81,661.3,23,ride_exit_661%,solana,meteora
57yD6cNocAXeF7ve41jno13K1GWJMiVB,bitch,SNIPER_LOWCAP,1783911791681,1783913164762,171.8,343.66,645.9,23,ride_exit_646%,solana,meteora
57yD6cNocAXeF7ve41jno13K1GWJMiVB,bitch,SNIPER_LATE,1783911791000,1783913165572,167.4,502.18,638.4,23,ride_exit_638%,solana,meteora
57yD6cNocAXeF7ve41jno13K1GWJMiVB,bitch,SNIPER_H,1783911790312,1783913166214,176.4,176.36,653.6,23,ride_exit_654%,solana,meteora
57yD6cNocAXeF7ve41jno13K1GWJMiVB,bitch,SNIPER_B,1783911789637,1783913166868,176.4,176.36,653.6,23,ride_exit_654%,solana,meteora
57yD6cNocAXeF7ve41jno13K1GWJMiVB,bitch,SNIPER_A,1783911788863,1783913167548,176.4,176.36,653.6,23,ride_exit_654%,solana,meteora
EPHhGvdVrqUM7S6gMtAiwdjwjHEmopKt,United,SNIPER_SMART_TOP_AGE5,1783912238292,1783913440608,152.8,1.53,187.5,20,paper_SNIPER_SMART_TOP_AGE5_trail,solana,meteora
EPHhGvdVrqUM7S6gMtAiwdjwjHEmopKt,United,SNIPER_SMART_COPY_AGE5,1783912237598,1783913441518,152.8,1.53,187.5,20,paper_SNIPER_SMART_COPY_AGE5_trail,solana,meteora
EPHhGvdVrqUM7S6gMtAiwdjwjHEmopKt,United,SNIPER_SMART_COPY_TOP,1783912236893,1783913442157,152.8,1.53,187.5,20,paper_SNIPER_SMART_COPY_TOP_trail,solana,meteora
EPHhGvdVrqUM7S6gMtAiwdjwjHEmopKt,United,SNIPER_SMART_COPY,1783912236176,1783913442784,152.8,1.53,187.5,20,paper_SNIPER_SMART_COPY_trail,solana,meteora
EPHhGvdVrqUM7S6gMtAiwdjwjHEmopKt,United,SNIPER_ULTRA_TRIPLE,1783912235473,1783913443492,152.8,1.53,187.5,20,paper_SNIPER_ULTRA_TRIPLE_trail,solana,meteora
EPHhGvdVrqUM7S6gMtAiwdjwjHEmopKt,United,SNIPER_VOL_VEL,1783912234726,1783913444228,152.8,1.53,187.5,20,paper_SNIPER_VOL_VEL_trail,solana,meteora
EPHhGvdVrqUM7S6gMtAiwdjwjHEmopKt,United,SNIPER_MC_LIQ,1783912234008,1783913444961,152.8,1.53,187.5,20,paper_SNIPER_MC_LIQ_trail,solana,meteora
EPHhGvdVrqUM7S6gMtAiwdjwjHEmopKt,United,SNIPER_LATE,1783912233297,1783913445692,148.1,444.33,184.2,20,tight_trail,solana,meteora
EPHhGvdVrqUM7S6gMtAiwdjwjHEmopKt,United,SNIPER_H2,1783912232611,1783913446561,149.7,299.37,185.3,20,tight_trail,solana,meteora
EPHhGvdVrqUM7S6gMtAiwdjwjHEmopKt,United,SNIPER_H,1783912231890,1783913447162,149.7,299.37,185.3,20,tight_trail,solana,meteora
EPHhGvdVrqUM7S6gMtAiwdjwjHEmopKt,United,SNIPER_B,1783912231144,1783913447782,149.7,299.37,185.3,20,tight_trail,solana,meteora
EPHhGvdVrqUM7S6gMtAiwdjwjHEmopKt,United,SNIPER_A,1783912230398,1783913448401,149.7,299.37,185.3,20,tight_trail,solana,meteora
CK7ydxrA3yYLhxGw97aHE5RA6FyFyo1E,CASHCOW,SNIPER_SMART_TOP_AGE5,1783913630452,1783913653994,-100,-1,0.0,0,rug_no_data,solana,pumpswap
CK7ydxrA3yYLhxGw97aHE5RA6FyFyo1E,CASHCOW,SNIPER_SMART_COPY_AGE5,1783913629809,1783913654975,-100,-1,0.0,0,rug_no_data,solana,pumpswap
CK7ydxrA3yYLhxGw97aHE5RA6FyFyo1E,CASHCOW,SNIPER_SMART_CLUSTER,1783913629062,1783913655584,-100,-1,0.0,0,rug_no_data,solana,pumpswap
CK7ydxrA3yYLhxGw97aHE5RA6FyFyo1E,CASHCOW,SNIPER_SMART_COPY_TOP,1783913628424,1783913656261,-100,-1,0.0,0,rug_no_data,solana,pumpswap
CK7ydxrA3yYLhxGw97aHE5RA6FyFyo1E,CASHCOW,SNIPER_SMART_COPY,1783913627774,1783913656950,-100,-1,0.0,0,rug_no_data,solana,pumpswap
CK7ydxrA3yYLhxGw97aHE5RA6FyFyo1E,CASHCOW,SNIPER_H2,1783913627120,1783913657659,-100,-100,0.0,1,rug_no_data,solana,pumpswap
CK7ydxrA3yYLhxGw97aHE5RA6FyFyo1E,CASHCOW,SNIPER_H,1783913626461,1783913658458,-100,-100,0.0,1,rug_no_data,solana,pumpswap
CK7ydxrA3yYLhxGw97aHE5RA6FyFyo1E,CASHCOW,SNIPER_B,1783913625818,1783913659107,-100,-100,0.0,1,rug_no_data,solana,pumpswap
CK7ydxrA3yYLhxGw97aHE5RA6FyFyo1E,CASHCOW,SNIPER_A,1783913625082,1783913659755,-100,-100,0.0,1,rug_no_data,solana,pumpswap
5QUMbF4QGf5yzivdPF5RjS84osuuDGPi,KISUNLAF5,SNIPER_SMART_TOP_AGE5,1783913428184,1783913660404,-100,-1,2.5,4,rug_no_data,solana,meteora
5QUMbF4QGf5yzivdPF5RjS84osuuDGPi,KISUNLAF5,SNIPER_SMART_COPY_AGE5,1783913427532,1783913661293,-100,-1,2.5,4,rug_no_data,solana,meteora
5QUMbF4QGf5yzivdPF5RjS84osuuDGPi,KISUNLAF5,SNIPER_SMART_COPY_TOP,1783913426684,1783913662048,-100,-1,2.5,4,rug_no_data,solana,meteora
5QUMbF4QGf5yzivdPF5RjS84osuuDGPi,KISUNLAF5,SNIPER_SMART_COPY,1783913425918,1783913662703,-100,-1,2.5,4,rug_no_data,solana,meteora
5QUMbF4QGf5yzivdPF5RjS84osuuDGPi,KISUNLAF5,SNIPER_VOL_VEL,1783913425179,1783913663345,-100,-1,2.5,4,rug_no_data,solana,meteora
5QUMbF4QGf5yzivdPF5RjS84osuuDGPi,KISUNLAF5,SNIPER_LATE,1783913424130,1783913664019,-100,-300,1.1,4,rug_no_data,solana,meteora
5QUMbF4QGf5yzivdPF5RjS84osuuDGPi,KISUNLAF5,SNIPER_H2,1783913423422,1783913664669,-100,-200,1.6,4,rug_no_data,solana,meteora
5QUMbF4QGf5yzivdPF5RjS84osuuDGPi,KISUNLAF5,SNIPER_H,1783913422715,1783913665321,-100,-200,1.6,4,rug_no_data,solana,meteora
5QUMbF4QGf5yzivdPF5RjS84osuuDGPi,KISUNLAF5,SNIPER_B,1783913421977,1783913665985,-100,-200,1.6,4,rug_no_data,solana,meteora
5QUMbF4QGf5yzivdPF5RjS84osuuDGPi,KISUNLAF5,SNIPER_A,1783913421197,1783913666696,-100,-200,1.6,4,rug_no_data,solana,meteora
0xdcecff559524c16ba77de17ee48c71,虚行,SNIPER_B,1783911805880,1783913667535,-100,-200,21.1,31,rug_no_data,bsc,pancakeswap
0xdcecff559524c16ba77de17ee48c71,虚行,SNIPER_A,1783911805095,1783913668338,-100,-200,21.1,31,rug_no_data,bsc,pancakeswap
HA9XKqJtTKD9CWgDfFcu82uvV2qBzT3m,AATF,SNIPER_H2,1783909627985,1783913870324,60.5,121.06,101.9,71,medium_trail,solana,pumpswap
HA9XKqJtTKD9CWgDfFcu82uvV2qBzT3m,AATF,SNIPER_H,1783909627314,1783913871233,60.5,121.06,101.9,71,medium_trail,solana,pumpswap
HA9XKqJtTKD9CWgDfFcu82uvV2qBzT3m,AATF,SNIPER_B,1783909626620,1783913871902,60.5,121.06,101.9,71,medium_trail,solana,pumpswap
HA9XKqJtTKD9CWgDfFcu82uvV2qBzT3m,AATF,SNIPER_A,1783909625876,1783913872594,60.5,121.06,101.9,71,medium_trail,solana,pumpswap
9VVG2VDpgEzTgZLNzc3gezD3dhUEw3CB,TripleT,SNIPER_SMART_TOP_AGE5,1783914254431,1783914324676,-100,-1,0.0,1,rug_no_data,solana,meteora
9VVG2VDpgEzTgZLNzc3gezD3dhUEw3CB,TripleT,SNIPER_SMART_COPY_AGE5,1783914253771,1783914325596,-100,-1,0.0,1,rug_no_data,solana,meteora
9VVG2VDpgEzTgZLNzc3gezD3dhUEw3CB,TripleT,SNIPER_SMART_COPY_TOP,1783914253032,1783914326245,-100,-1,0.0,1,rug_no_data,solana,meteora
9VVG2VDpgEzTgZLNzc3gezD3dhUEw3CB,TripleT,SNIPER_SMART_COPY,1783914252334,1783914326913,-100,-1,0.0,1,rug_no_data,solana,meteora
9VVG2VDpgEzTgZLNzc3gezD3dhUEw3CB,TripleT,SNIPER_LOWCAP,1783914251679,1783914327605,-100,-200,0.0,1,rug_no_data,solana,meteora
9VVG2VDpgEzTgZLNzc3gezD3dhUEw3CB,TripleT,SNIPER_LATE,1783914251028,1783914328269,-100,-300,0.0,1,rug_no_data,solana,meteora
9VVG2VDpgEzTgZLNzc3gezD3dhUEw3CB,TripleT,SNIPER_H2,1783914250373,1783914328991,-100,-200,0.0,1,rug_no_data,solana,meteora
9VVG2VDpgEzTgZLNzc3gezD3dhUEw3CB,TripleT,SNIPER_H,1783914249702,1783914329723,-100,-200,0.0,1,rug_no_data,solana,meteora
9VVG2VDpgEzTgZLNzc3gezD3dhUEw3CB,TripleT,SNIPER_A,1783914248976,1783914330396,-100,-200,0.0,1,rug_no_data,solana,meteora
0xc7419d33104c23f479c63123296511,OSPHR,SNIPER_H,1783914045794,1783914331052,-100,-200,2.7,5,rug_no_data,bsc,pancakeswap
0xc7419d33104c23f479c63123296511,OSPHR,SNIPER_B,1783914045133,1783914331890,-100,-200,2.7,5,rug_no_data,bsc,pancakeswap
0xc7419d33104c23f479c63123296511,OSPHR,SNIPER_A,1783914044381,1783914332600,-100,-200,2.7,5,rug_no_data,bsc,pancakeswap
0x92b616e4d802c3a56a59fb52f5e65e,赵财主,SNIPER_BSC_FILTERED,1783914543233,1783914556774,-100,-30,0.0,0,rug_no_data,bsc,pancakeswap
0x92b616e4d802c3a56a59fb52f5e65e,赵财主,SNIPER_H,1783914542547,1783914557665,-100,-100,0.0,0,rug_no_data,bsc,pancakeswap
0x92b616e4d802c3a56a59fb52f5e65e,赵财主,SNIPER_B,1783914541888,1783914558275,-100,-100,0.0,0,rug_no_data,bsc,pancakeswap
0x92b616e4d802c3a56a59fb52f5e65e,赵财主,SNIPER_A,1783914541097,1783914558944,-100,-100,0.0,0,rug_no_data,bsc,pancakeswap
